Conference,Division,Team,Player,Age,Games,GamesStarted,MinutesPlayed,FieldGoals,FieldGoalAttempts,FieldGoalPercentage,ThreePoint,ThreePointAttempts,ThreePointPercentage,TwoPoint,TwoPointAttempts,TwoPointPercentage,EffectiveFieldGoalPercentage,FreeThrows,FreeThrowAttempts,FreeThrowPercentage,OffensiveRebounds,DefensiveRebounds,TotalRebounds,Assists,Steals,Blocks,Turnovers,PersonalFouls,Points
Western,Northwest,Oklahoma City Thunder,Tyler Davis,21,1,0,1,0,1,0,0,0,0,0,1,0,0,0,0,0,1,0,1,0,0,0,0,0,0
Western,Southwest,Dallas Mavericks,Ray Spalding,21,1,0,1,0,0,0,0,0,0,0,0,0,0,0,0,0,0,0,0,0,0,0,0,0,0
Western,Northwest,Oklahoma City Thunder,Jawun Evans,22,1,0,1,0,1,0,0,1,0,0,0,0,0,0,0,0,0,0,0,0,0,0,0,0,0
Eastern,Central,Chicago Bulls,Tyler Ulis,23,1,0,1,0,0,0,0,0,0,0,0,0,0,0,0,0,0,0,0,0,0,0,0,0,0
Western,Southwest,Houston Rockets,Zhou Qi,23,1,0,1,1,1,1,0,0,0,1,1,1,1,0,0,0,0,0,0,0,0,0,0,0,2
Eastern,Central,Cleveland Cavaliers,John Holland,30,1,0,1,0,0,0,0,0,0,0,0,0,0,0,0,0,0,0,0,0,0,0,0,0,0
Eastern,Central,Cleveland Cavaliers,Kobi Simmons,21,1,0,2,0,0,0,0,0,0,0,0,0,0,0,0,0,0,0,0,0,0,0,0,0,0
Western,Northwest,Oklahoma City Thunder,Donte Grantham,23,3,0,2,0,2,0,0,2,0,0,0,0,0,0,0,0,0,0,0,0,0,0,0,0,0
Eastern,Southeast,Miami Heat,Emanuel Terry,22,1,0,3,0,1,0,0,0,0,0,1,0,0,1,2,.5,1,0,1,1,0,0,0,0,1
Eastern,Central,Detroit Pistons,Zach Lofton,26,1,0,4,0,1,0,0,1,0,0,0,0,0,0,0,0,0,0,0,0,1,0,1,0,0
Eastern,Southeast,Atlanta Hawks,Jordan Sibert,26,1,0,4,1,1,1,1,1,1,0,0,0,1.5,0,0,0,0,0,0,0,0,0,0,0,3
Western,Southwest,Memphis Grizzlies,Andrew Harrison,24,1,0,5,1,2,.5,0,1,0,1,1,1,.5,0,0,0,0,0,0,0,0,0,0,1,2
Western,Pacific,Phoenix Suns,Eric Moreland,27,1,0,5,0,0,0,0,0,0,0,0,0,0,0,0,0,0,3,3,0,0,0,0,1,0
Western,Southwest,Houston Rockets,Terrence Jones,27,2,0,5,1,4,.25,0,2,0,1,2,.5,.25,0,1,0,0,4,4,0,0,0,1,1,2
Eastern,Atlantic,Boston Celtics,Greg Monroe,28,2,0,5,3,5,.6,0,0,0,3,5,.6,.6,0,0,0,3,0,3,1,0,0,0,0,6
Eastern,Central,Milwaukee Bucks,Trevon Duval,20,3,0,6,2,3,.667,1,1,1,1,2,.5,.833,0,0,0,0,1,1,2,0,0,0,0,5
Eastern,Central,Indiana Pacers,Ike Anigbogu,20,3,0,6,0,3,0,0,0,0,0,3,0,0,0,0,0,1,2,3,1,0,1,1,0,0
Western,Pacific,Sacramento Kings,B.J. Johnson,23,1,0,6,1,2,.5,0,1,0,1,1,1,.5,0,0,0,0,0,0,0,0,0,0,1,2
Western,Pacific,Phoenix Suns,George King,25,1,0,6,0,0,0,0,0,0,0,0,0,0,0,0,0,0,1,1,0,0,0,0,0,0
Eastern,Southeast,Washington Wizards,Okaro White,26,3,0,6,0,2,0,0,2,0,0,0,0,0,0,0,0,1,1,2,0,0,0,0,0,0
Eastern,Central,Detroit Pistons,Kalin Lucas,29,1,0,6,0,1,0,0,1,0,0,0,0,0,2,2,1,0,3,3,1,0,0,0,1,2
Western,Southwest,Memphis Grizzlies,D.J. Stephens,28,1,0,7,1,2,.5,0,0,0,1,2,.5,.5,0,0,0,0,0,0,0,1,0,1,0,2
Eastern,Southeast,Charlotte Hornets,Joe Chealey,23,1,0,8,1,3,.333,0,0,0,1,3,.333,.333,0,0,0,0,0,0,1,0,0,0,1,2
Eastern,Atlantic,Brooklyn Nets,Tahjere McCall,24,1,0,8,2,3,.667,0,1,0,2,2,1,.667,0,1,0,0,1,1,0,0,0,0,2,4
Western,Southwest,Dallas Mavericks,Kostas Antetokounmpo,21,2,0,11,0,3,0,0,0,0,0,3,0,0,2,4,.5,0,1,1,0,2,0,1,0,2
Eastern,Southeast,Atlanta Hawks,Tyler Zeller,29,2,0,11,0,2,0,0,1,0,0,1,0,0,0,0,0,2,4,6,1,0,0,0,4,0
Western,Northwest,Minnesota Timberwolves,Mitch Creek,26,1,0,12,3,6,.5,0,1,0,3,5,.6,.5,0,0,0,1,1,2,1,1,0,1,0,6
Eastern,Southeast,Miami Heat,Yante Maten,22,2,0,13,1,4,.25,0,1,0,1,3,.333,.25,0,0,0,1,2,3,0,1,0,0,0,2
Western,Southwest,San Antonio Spurs,Donatas Motiejūnas,28,3,0,13,3,6,.5,0,0,0,3,6,.5,.5,0,2,0,2,1,3,1,0,1,3,6,6
Eastern,Southeast,Washington Wizards,John Jenkins,27,4,0,14,2,2,1,2,2,1,0,0,0,1.5,0,0,0,0,1,1,1,0,0,0,0,6
Western,Pacific,Los Angeles Clippers,Ángel Delgado,24,2,0,15,1,5,.2,0,0,0,1,5,.2,.2,1,2,.5,2,2,4,0,1,0,0,2,3
Western,Pacific,Los Angeles Lakers,Andre Ingram,33,4,0,15,0,6,0,0,3,0,0,3,0,0,0,0,0,1,1,2,0,1,0,1,0,0
Western,Southwest,Houston Rockets,Vince Edwards,22,2,0,16,1,4,.25,1,4,.25,0,0,0,.375,0,0,0,1,1,2,0,0,0,0,0,3
Eastern,Southeast,Orlando Magic,Troy Caupain,23,4,0,16,4,8,.5,2,3,.667,2,5,.4,.625,0,0,0,1,2,3,4,1,0,0,0,10
Eastern,Southeast,Washington Wizards,Gary Payton,26,3,0,16,5,8,.625,1,2,.5,4,6,.667,.688,0,0,0,1,1,2,4,3,1,1,2,11
Eastern,Southeast,Charlotte Hornets,J.P. Macura,23,2,0,17,3,9,.333,0,4,0,3,5,.6,.333,0,0,0,0,3,3,2,0,0,0,0,6
Western,Pacific,Los Angeles Lakers,Scott Machado,28,4,0,19,4,6,.667,1,1,1,3,5,.6,.75,1,1,1,0,0,0,3,1,0,0,2,10
Eastern,Central,Detroit Pistons,Sviatoslav Mykhailiuk,21,3,0,20,2,8,.25,2,4,.5,0,4,0,.375,0,0,0,1,1,2,4,1,0,1,0,6
Western,Pacific,Phoenix Suns,Emanuel Terry,22,2,0,20,4,6,.667,0,0,0,4,6,.667,.667,1,2,.5,2,4,6,1,3,0,2,4,9
Western,Southwest,New Orleans Pelicans,Jason Smith,32,2,0,20,2,9,.222,2,7,.286,0,2,0,.333,2,2,1,2,2,4,1,0,0,1,3,8
Eastern,Atlantic,Philadelphia 76ers,Justin Patton,21,3,0,21,2,7,.286,0,2,0,2,5,.4,.286,1,2,.5,2,4,6,3,2,0,0,5,5
Western,Northwest,Denver Nuggets,DeVaughn Akoon-Purcell,25,7,0,22,3,10,.3,0,4,0,3,6,.5,.3,1,2,.5,1,3,4,6,2,0,2,4,7
Eastern,Central,Detroit Pistons,Henry Ellenson,22,2,0,25,4,10,.4,2,4,.5,2,6,.333,.5,2,2,1,0,9,9,1,0,0,0,2,12
Eastern,Atlantic,Boston Celtics,R.J. Hunter,25,1,0,26,6,13,.462,4,10,.4,2,3,.667,.615,1,2,.5,1,2,3,3,1,0,0,3,17
Western,Southwest,Memphis Grizzlies,Dusty Hannahs,25,2,0,26,3,12,.25,0,5,0,3,7,.429,.25,2,2,1,0,1,1,5,1,0,1,1,8
Eastern,Atlantic,Brooklyn Nets,Alan Williams,26,5,0,26,8,13,.615,0,1,0,8,12,.667,.615,2,4,.5,4,15,19,3,1,0,1,2,18
Eastern,Central,Milwaukee Bucks,Jaylen Morris,23,4,0,29,4,10,.4,1,3,.333,3,7,.429,.45,1,2,.5,0,5,5,4,2,0,1,1,10
Eastern,Central,Milwaukee Bucks,Pau Gasol,38,3,0,30,1,6,.167,1,3,.333,0,3,0,.25,1,2,.5,0,10,10,2,0,1,2,1,4
Eastern,Central,Milwaukee Bucks,Isaiah Canaan,27,4,0,31,2,6,.333,2,5,.4,0,1,0,.5,0,0,0,1,3,4,3,0,1,2,2,6
Eastern,Atlantic,New York Knicks,Isaiah Hicks,24,3,0,32,4,8,.5,0,0,0,4,8,.5,.5,4,5,.8,2,5,7,2,1,3,1,5,12
Western,Pacific,Sacramento Kings,Caleb Swanigan,21,3,0,33,4,9,.444,0,2,0,4,7,.571,.444,0,2,0,4,8,12,4,2,1,2,6,8
Western,Southwest,Houston Rockets,Chris Chiozza,23,7,0,33,2,8,.25,2,5,.4,0,3,0,.375,0,0,0,1,3,4,4,1,1,1,2,6
Western,Northwest,Utah Jazz,Tony Bradley,21,3,0,36,8,16,.5,0,0,0,8,16,.5,.5,1,2,.5,9,6,15,1,2,2,3,6,17
Western,Northwest,Denver Nuggets,Thomas Welsh,22,11,0,36,7,13,.538,3,7,.429,4,6,.667,.654,1,2,.5,0,4,4,5,0,0,1,3,18
Eastern,Atlantic,Brooklyn Nets,Mitch Creek,26,4,0,36,5,10,.5,0,1,0,5,9,.556,.5,5,7,.714,5,5,10,5,1,0,0,3,15
Western,Northwest,Denver Nuggets,Nick Young,33,4,0,37,3,9,.333,3,8,.375,0,1,0,.5,0,0,0,0,1,1,2,0,1,2,4,9
Western,Southwest,New Orleans Pelicans,Andrew Harrison,24,6,0,38,3,12,.25,2,10,.2,1,2,.5,.333,1,2,.5,2,3,5,7,0,0,2,7,9
Eastern,Atlantic,Toronto Raptors,Eric Moreland,27,4,0,38,3,7,.429,1,1,1,2,6,.333,.5,0,0,0,4,13,17,4,1,1,5,8,7
Western,Southwest,Houston Rockets,James Nunnally,28,2,0,38,3,13,.231,3,12,.25,0,1,0,.346,0,0,0,0,1,1,2,0,0,0,6,9
Eastern,Atlantic,Brooklyn Nets,Džanan Musa,19,9,0,39,9,22,.409,1,10,.1,8,12,.667,.432,0,2,0,1,4,5,2,2,0,4,1,19
Eastern,Atlantic,Philadelphia 76ers,Demetrius Jackson,24,6,0,39,8,15,.533,2,6,.333,6,9,.667,.6,4,4,1,2,1,3,5,2,0,1,4,22
Western,Northwest,Utah Jazz,Tyler Cavanaugh,24,11,0,39,3,10,.3,1,5,.2,2,5,.4,.35,2,2,1,3,5,8,1,0,0,1,3,9
Eastern,Atlantic,Philadelphia 76ers,Haywood Highsmith,22,5,0,40,4,10,.4,1,5,.2,3,5,.6,.45,0,2,0,0,5,5,2,1,0,1,1,9
Eastern,Central,Milwaukee Bucks,Jason Smith,32,6,0,40,4,13,.308,3,9,.333,1,4,.25,.423,2,2,1,3,8,11,1,2,2,5,6,13
Eastern,Southeast,Charlotte Hornets,Shelvin Mack,28,4,0,42,2,14,.143,0,2,0,2,12,.167,.143,5,9,.556,0,2,2,1,2,0,4,3,9
Eastern,Southeast,Atlanta Hawks,B.J. Johnson,23,6,0,43,8,16,.5,3,6,.5,5,10,.5,.594,2,2,1,2,6,8,0,2,0,2,3,21
Eastern,Southeast,Orlando Magic,Melvin Frazier,22,10,0,44,7,21,.333,0,6,0,7,15,.467,.333,1,4,.25,3,2,5,1,1,0,1,6,15
Eastern,Southeast,Miami Heat,Ryan Anderson,30,10,0,44,2,9,.222,2,6,.333,0,3,0,.333,1,2,.5,4,5,9,2,1,0,2,2,7
Eastern,Southeast,Washington Wizards,Ron Baker,25,4,0,45,0,4,0,0,4,0,0,0,0,0,0,0,0,0,4,4,2,1,1,2,2,0
Eastern,Central,Indiana Pacers,Davon Reed,23,10,0,47,5,12,.417,2,4,.5,3,8,.375,.5,0,0,0,2,4,6,3,1,0,1,3,12
Eastern,Atlantic,Boston Celtics,PJ Dozier,22,6,0,51,8,21,.381,2,8,.25,6,13,.462,.429,1,2,.5,6,11,17,5,2,0,0,2,19
Eastern,Atlantic,Philadelphia 76ers,Greg Monroe,28,3,0,52,15,23,.652,1,1,1,14,22,.636,.674,10,11,.909,4,9,13,7,1,0,1,5,41
Eastern,Central,Cleveland Cavaliers,Patrick McCaw,23,3,0,53,2,9,.222,1,4,.25,1,5,.2,.278,0,0,0,0,3,3,2,2,0,3,1,5
Eastern,Atlantic,New York Knicks,Wesley Matthews,32,2,1,54,4,19,.211,2,10,.2,2,9,.222,.263,4,5,.8,1,2,3,5,1,1,2,2,14
Eastern,Atlantic,Toronto Raptors,Jordan Loyd,25,12,0,55,8,18,.444,4,8,.5,4,10,.4,.556,9,11,.818,1,8,9,6,0,0,2,5,29
Eastern,Southeast,Atlanta Hawks,Isaac Humphries,21,5,1,56,6,21,.286,3,11,.273,3,10,.3,.357,0,0,0,4,7,11,0,1,0,0,7,15
Western,Northwest,Denver Nuggets,Brandon Goodwin,23,16,0,57,6,23,.261,2,6,.333,4,17,.235,.304,9,11,.818,1,2,3,14,0,0,3,7,23
Western,Pacific,Los Angeles Clippers,Luc Mbah a Moute,32,4,0,61,8,18,.444,2,6,.333,6,12,.5,.5,2,5,.4,2,5,7,2,1,1,2,8,20
Eastern,Central,Milwaukee Bucks,Christian Wood,23,13,0,62,12,25,.48,3,5,.6,9,20,.45,.54,10,15,.667,4,16,20,2,0,0,3,3,37
Western,Northwest,Portland Trail Blazers,Skal Labissière,22,9,1,63,13,19,.684,2,2,1,11,17,.647,.737,3,6,.5,5,14,19,5,3,3,4,8,31
Eastern,Atlantic,New York Knicks,Billy Garrett,24,4,0,63,11,27,.407,0,8,0,11,19,.579,.407,4,4,1,0,3,3,7,1,1,2,3,26
Eastern,Central,Indiana Pacers,Alize Johnson,22,14,0,64,4,16,.25,1,2,.5,3,14,.214,.281,4,8,.5,4,15,19,1,1,3,0,7,13
Western,Pacific,Phoenix Suns,Jawun Evans,22,7,0,64,3,13,.231,0,2,0,3,11,.273,.231,0,0,0,1,11,12,10,3,0,6,8,6
Western,Northwest,Minnesota Timberwolves,James Nunnally,28,13,0,64,9,21,.429,5,13,.385,4,8,.5,.548,4,4,1,0,4,4,5,1,0,1,4,27
Western,Pacific,Phoenix Suns,Jimmer Fredette,29,6,0,65,8,29,.276,0,13,0,8,16,.5,.276,6,6,1,1,6,7,8,3,0,5,5,22
Western,Pacific,Golden State Warriors,Marcus Derrickson,22,11,0,67,16,33,.485,10,20,.5,6,13,.462,.636,4,5,.8,8,5,13,1,0,1,3,9,46
Eastern,Atlantic,Toronto Raptors,Malcolm Miller,25,10,0,67,11,26,.423,10,21,.476,1,5,.2,.615,3,4,.75,1,4,5,1,1,1,1,5,35
Eastern,Southeast,Orlando Magic,Amile Jefferson,25,12,0,68,10,16,.625,0,0,0,10,16,.625,.625,7,8,.875,6,15,21,3,3,3,1,8,27
Western,Northwest,Denver Nuggets,Jarred Vanderbilt,19,17,0,69,9,19,.474,0,1,0,9,18,.5,.474,6,10,.6,7,16,23,3,6,1,8,8,24
Eastern,Southeast,Miami Heat,Udonis Haslem,38,10,1,74,11,33,.333,0,12,0,11,21,.524,.333,3,4,.75,3,24,27,2,0,0,3,9,25
Western,Southwest,Memphis Grizzlies,Tyler Zeller,29,4,1,82,16,28,.571,0,0,0,16,28,.571,.571,14,18,.778,9,9,18,3,1,3,4,16,46
Western,Northwest,Utah Jazz,Naz Mitrou-Long,25,14,0,84,6,20,.3,2,11,.182,4,9,.444,.35,2,2,1,1,5,6,15,1,1,8,10,16
Western,Pacific,Phoenix Suns,Tyson Chandler,36,7,0,89,8,12,.667,0,0,0,8,12,.667,.667,10,18,.556,7,32,39,6,2,1,7,21,26
Western,Southwest,Dallas Mavericks,Daryl Macon,23,8,0,90,10,27,.37,5,11,.455,5,16,.313,.463,4,7,.571,2,10,12,7,1,0,6,8,29
Western,Northwest,Denver Nuggets,Tyler Lydon,22,25,0,94,9,18,.5,4,10,.4,5,8,.625,.611,1,3,.333,7,11,18,6,2,0,4,10,23
Western,Northwest,Portland Trail Blazers,Wade Baldwin,22,16,0,94,10,33,.303,2,9,.222,8,24,.333,.333,8,11,.727,2,13,15,12,1,2,14,11,30
Eastern,Southeast,Washington Wizards,Devin Robinson,23,7,0,95,19,32,.594,0,2,0,19,30,.633,.594,9,14,.643,6,14,20,6,4,6,2,11,47
Western,Northwest,Minnesota Timberwolves,Isaiah Canaan,27,7,1,95,11,29,.379,7,19,.368,4,10,.4,.5,4,4,1,0,5,5,19,2,1,4,4,33
Eastern,Central,Milwaukee Bucks,Matthew Dellavedova,28,12,0,97,6,19,.316,4,11,.364,2,8,.25,.421,4,4,1,0,10,10,29,2,0,11,9,20
Eastern,Central,Milwaukee Bucks,Bonzie Colson,23,8,2,98,13,39,.333,5,21,.238,8,18,.444,.397,8,9,.889,8,22,30,3,5,1,3,3,39
Eastern,Atlantic,Toronto Raptors,Malachi Richardson,23,22,0,103,9,29,.31,8,25,.32,1,4,.25,.448,4,5,.8,2,11,13,0,1,0,8,13,30
Western,Southwest,Houston Rockets,Marquese Chriss,21,16,0,104,11,34,.324,1,15,.067,10,19,.526,.338,6,7,.857,7,21,28,6,2,4,12,17,29
Eastern,Atlantic,Toronto Raptors,Jodie Meeks,31,8,0,104,21,39,.538,8,18,.444,13,21,.619,.641,1,1,1,1,11,12,8,1,1,2,5,51
Eastern,Atlantic,New York Knicks,Ron Baker,25,11,0,107,4,16,.25,1,9,.111,3,7,.429,.281,5,6,.833,1,6,7,13,5,0,3,16,14
Eastern,Atlantic,Philadelphia 76ers,Zhaire Smith,19,6,2,111,14,34,.412,6,16,.375,8,18,.444,.5,6,8,.75,3,10,13,10,2,2,6,8,40
Western,Northwest,Portland Trail Blazers,Gary Trent,20,15,1,111,16,50,.32,5,21,.238,11,29,.379,.37,3,7,.429,1,10,11,5,1,2,4,4,40
Western,Northwest,Minnesota Timberwolves,Jared Terrell,23,14,0,111,12,39,.308,4,17,.235,8,22,.364,.359,3,6,.5,1,5,6,12,3,2,10,16,31
Western,Southwest,San Antonio Spurs,Drew Eubanks,21,23,0,113,15,26,.577,0,0,0,15,26,.577,.577,11,13,.846,6,28,34,7,2,5,8,11,41
Western,Pacific,Sacramento Kings,Skal Labissière,22,13,0,113,13,30,.433,4,11,.364,9,19,.474,.5,6,11,.545,4,20,24,6,2,3,7,21,36
Western,Southwest,San Antonio Spurs,Lonnie Walker,20,17,0,118,16,46,.348,5,13,.385,11,33,.333,.402,8,10,.8,0,17,17,9,7,3,4,7,45
Eastern,Southeast,Atlanta Hawks,Deyonta Davis,22,9,0,118,15,22,.682,0,1,0,15,21,.714,.682,6,10,.6,10,26,36,5,3,5,3,12,36
Western,Southwest,Houston Rockets,Brandon Knight,27,12,0,118,11,47,.234,5,32,.156,6,15,.4,.287,9,11,.818,1,8,9,9,2,0,5,14,36
Eastern,Atlantic,Brooklyn Nets,Kenneth Faried,29,12,0,118,25,42,.595,1,5,.2,24,37,.649,.607,10,16,.625,15,29,44,2,2,4,6,8,61
Western,Pacific,Los Angeles Lakers,Isaac Bonga,19,22,0,120,5,33,.152,0,8,0,5,25,.2,.152,9,15,.6,9,16,25,15,9,4,6,9,19
Eastern,Central,Chicago Bulls,Rawle Alkins,21,10,1,120,13,39,.333,3,12,.25,10,27,.37,.372,8,12,.667,11,15,26,13,1,0,8,7,37
Western,Northwest,Oklahoma City Thunder,Timothé Luwawu-Cabarrot,23,21,1,123,13,43,.302,5,22,.227,8,21,.381,.36,4,6,.667,4,14,18,4,4,1,5,14,35
Western,Pacific,Phoenix Suns,Quincy Acy,28,10,0,123,4,18,.222,2,15,.133,2,3,.667,.278,7,10,.7,3,22,25,8,1,4,4,24,17
Eastern,Central,Chicago Bulls,JaKarr Sampson,25,4,0,127,29,54,.537,5,14,.357,24,40,.6,.583,17,21,.81,5,27,32,4,4,3,4,8,80
Western,Pacific,Sacramento Kings,Alec Burks,27,13,0,127,9,20,.45,0,6,0,9,14,.643,.45,4,5,.8,2,20,22,10,8,1,4,7,22
Western,Northwest,Minnesota Timberwolves,C.J. Williams,28,15,0,128,17,35,.486,5,16,.313,12,19,.632,.557,0,1,0,1,7,8,12,6,0,5,16,39
Eastern,Southeast,Washington Wizards,Jason Smith,32,12,1,130,15,37,.405,4,10,.4,11,27,.407,.459,10,12,.833,11,26,37,12,1,5,7,21,44
Western,Pacific,Golden State Warriors,Andrew Bogut,34,11,5,134,18,36,.5,0,0,0,18,36,.5,.5,3,3,1,12,43,55,11,3,8,8,22,39
Eastern,Atlantic,Philadelphia 76ers,Corey Brewer,32,7,3,140,20,49,.408,4,14,.286,16,35,.457,.449,9,13,.692,4,13,17,10,12,2,8,16,53
Western,Northwest,Portland Trail Blazers,Anfernee Simons,19,20,1,141,28,63,.444,10,29,.345,18,34,.529,.524,9,16,.563,3,10,13,13,1,0,11,9,75
Western,Pacific,Los Angeles Lakers,Jemerrio Jones,23,6,2,143,12,33,.364,2,10,.2,10,23,.435,.394,1,2,.5,16,33,49,13,7,5,5,10,27
Eastern,Central,Cleveland Cavaliers,Andrew Harrison,24,10,0,144,12,39,.308,3,14,.214,9,25,.36,.346,16,16,1,4,11,15,17,4,2,10,26,43
Western,Northwest,Portland Trail Blazers,Caleb Swanigan,21,18,0,145,14,44,.318,1,5,.2,13,39,.333,.33,6,7,.857,13,39,52,7,4,0,16,22,35
Western,Southwest,San Antonio Spurs,Chimezie Metu,21,29,0,145,19,58,.328,0,2,0,19,56,.339,.328,13,17,.765,9,27,36,13,6,2,15,14,51
Western,Southwest,Houston Rockets,Michael Carter-Williams,27,16,1,145,25,61,.41,7,19,.368,18,42,.429,.467,12,26,.462,3,10,13,21,9,6,10,27,69
Western,Pacific,Phoenix Suns,Ray Spalding,21,13,3,147,25,47,.532,0,3,0,25,44,.568,.532,4,12,.333,15,33,48,5,9,8,9,23,54
Western,Pacific,Los Angeles Clippers,Miloš Teodosić,31,15,0,150,17,40,.425,10,27,.37,7,13,.538,.55,4,7,.571,3,13,16,32,3,1,21,27,48
Western,Pacific,Los Angeles Clippers,Johnathan Motley,23,22,0,156,39,73,.534,0,3,0,39,70,.557,.534,24,40,.6,18,33,51,11,5,3,16,27,102
Eastern,Southeast,Washington Wizards,Wesley Johnson,31,12,0,157,10,40,.25,6,26,.231,4,14,.286,.325,7,10,.7,2,16,18,7,2,5,6,18,33
Western,Pacific,Sacramento Kings,Ben McLemore,25,19,0,158,25,64,.391,17,41,.415,8,23,.348,.523,8,12,.667,3,14,17,4,6,3,5,22,75
Eastern,Atlantic,New York Knicks,Courtney Lee,33,12,2,160,21,47,.447,5,16,.313,16,31,.516,.5,9,14,.643,6,21,27,16,8,2,5,13,56
Eastern,Southeast,Miami Heat,Duncan Robinson,24,15,1,161,18,46,.391,10,35,.286,8,11,.727,.5,4,6,.667,2,17,19,5,5,0,4,11,50
Eastern,Atlantic,Toronto Raptors,Chris Boucher,26,28,0,163,34,76,.447,12,37,.324,22,39,.564,.526,13,15,.867,16,40,56,2,6,24,7,31,93
Eastern,Central,Chicago Bulls,Walt Lemon,26,6,3,167,38,87,.437,2,5,.4,36,82,.439,.448,8,11,.727,4,23,27,30,11,1,10,14,86
Western,Southwest,New Orleans Pelicans,Dairis Bertāns,29,12,0,167,12,47,.255,10,34,.294,2,13,.154,.362,0,0,0,2,7,9,10,1,0,2,7,34
Eastern,Central,Cleveland Cavaliers,Sam Dekker,24,9,5,169,22,48,.458,5,13,.385,17,35,.486,.51,8,10,.8,9,24,33,9,11,0,5,13,57
Eastern,Southeast,Atlanta Hawks,Miles Plumlee,30,18,0,173,32,48,.667,0,0,0,32,48,.667,.667,16,30,.533,16,23,39,17,6,4,10,14,80
Western,Southwest,Memphis Grizzlies,Yuta Watanabe,24,15,0,174,15,51,.294,2,16,.125,13,35,.371,.314,7,10,.7,4,27,31,8,4,1,6,11,39
Eastern,Central,Cleveland Cavaliers,Cameron Payne,24,9,1,176,27,55,.491,9,25,.36,18,30,.6,.573,11,16,.688,3,16,19,23,8,3,11,15,74
Western,Northwest,Denver Nuggets,Isaiah Thomas,29,12,0,181,34,99,.343,12,43,.279,22,56,.393,.404,17,27,.63,5,8,13,23,5,1,18,17,97
Eastern,Central,Milwaukee Bucks,John Henson,28,14,0,188,31,67,.463,11,31,.355,20,36,.556,.545,6,10,.6,16,55,71,14,7,11,12,16,79
Western,Southwest,New Orleans Pelicans,Christian Wood,23,8,2,189,49,92,.533,6,21,.286,43,71,.606,.565,31,41,.756,13,50,63,6,7,10,14,14,135
Eastern,Central,Cleveland Cavaliers,Deng Adel,21,19,3,194,11,36,.306,6,23,.261,5,13,.385,.389,4,4,1,3,16,19,5,1,4,6,13,32
Eastern,Central,Detroit Pistons,Khyri Thomas,22,26,0,195,22,69,.319,10,35,.286,12,34,.353,.391,7,11,.636,4,16,20,8,7,5,4,22,61
Western,Pacific,Golden State Warriors,Jacob Evans,21,30,1,204,18,53,.34,4,15,.267,14,38,.368,.377,0,1,0,6,19,25,23,5,3,11,28,40
Eastern,Southeast,Atlanta Hawks,Daniel Hamilton,23,19,3,204,23,60,.383,8,23,.348,15,37,.405,.45,3,6,.5,10,37,47,22,6,1,16,19,57
Eastern,Central,Indiana Pacers,Edmond Sumner,23,23,2,210,22,64,.344,7,27,.259,15,37,.405,.398,15,24,.625,9,15,24,10,12,5,10,26,66
Eastern,Atlantic,Brooklyn Nets,Theo Pinson,23,18,0,211,25,73,.342,12,46,.261,13,27,.481,.425,19,22,.864,4,32,36,21,6,0,18,15,81
Eastern,Central,Milwaukee Bucks,Tim Frazier,28,12,2,211,28,66,.424,10,24,.417,18,42,.429,.5,9,13,.692,9,22,31,42,5,1,16,19,75
Eastern,Atlantic,Toronto Raptors,Lorenzo Brown,28,26,0,212,23,71,.324,6,28,.214,17,43,.395,.366,3,3,1,5,26,31,28,12,5,16,22,55
Eastern,Central,Chicago Bulls,Brandon Sampson,21,14,2,214,28,60,.467,11,29,.379,17,31,.548,.558,4,6,.667,3,13,16,10,8,3,12,19,71
Eastern,Central,Cleveland Cavaliers,Jalen Jones,25,16,0,214,26,62,.419,10,28,.357,16,34,.471,.5,19,27,.704,11,23,34,7,9,2,8,27,81
Eastern,Atlantic,Philadelphia 76ers,Jonathon Simmons,29,15,0,219,29,64,.453,9,21,.429,20,43,.465,.523,16,25,.64,4,22,26,33,11,1,12,21,83
Western,Southwest,Houston Rockets,Isaiah Hartenstein,20,28,0,221,20,41,.488,2,6,.333,18,35,.514,.512,11,14,.786,21,26,47,15,7,12,13,56,53
Eastern,Central,Cleveland Cavaliers,J.R. Smith,33,11,4,222,27,79,.342,12,39,.308,15,40,.375,.418,8,10,.8,0,18,18,21,11,3,11,19,74
Western,Pacific,Los Angeles Clippers,Wilson Chandler,31,15,1,226,23,66,.348,13,40,.325,10,26,.385,.447,5,7,.714,4,43,47,10,3,3,7,29,64
Eastern,Southeast,Orlando Magic,Michael Carter-Williams,27,12,0,227,21,62,.339,3,19,.158,18,43,.419,.363,20,27,.741,16,41,57,49,11,9,10,21,65
Eastern,Southeast,Washington Wizards,Dwight Howard,33,9,9,230,43,69,.623,0,0,0,43,69,.623,.623,29,48,.604,24,59,83,4,7,4,16,34,115
Eastern,Atlantic,New York Knicks,Henry Ellenson,22,17,0,234,35,85,.412,15,34,.441,20,51,.392,.5,17,23,.739,5,52,57,15,7,2,9,25,102
Western,Northwest,Oklahoma City Thunder,Deonte Burton,25,32,0,240,33,82,.402,8,27,.296,25,55,.455,.451,8,12,.667,4,24,28,9,6,8,9,31,82
Western,Southwest,New Orleans Pelicans,Stanley Johnson,22,18,0,247,38,91,.418,11,34,.324,27,57,.474,.478,9,13,.692,9,33,42,28,12,1,26,22,96
Eastern,Southeast,Atlanta Hawks,Tyler Dorsey,22,27,0,251,32,89,.36,10,39,.256,22,50,.44,.416,16,26,.615,9,34,43,17,7,1,10,20,90
Eastern,Atlantic,Boston Celtics,Guerschon Yabusele,23,41,1,251,35,77,.455,9,28,.321,26,49,.531,.513,15,22,.682,23,30,53,15,8,7,15,32,94
Eastern,Central,Cleveland Cavaliers,Kyle Korver,37,16,0,251,35,76,.461,25,54,.463,10,22,.455,.625,13,16,.813,0,29,29,17,3,2,17,22,108
Western,Southwest,Memphis Grizzlies,Julian Washburn,27,18,3,254,16,48,.333,5,24,.208,11,24,.458,.385,3,4,.75,8,33,41,14,13,2,7,16,40
Western,Northwest,Minnesota Timberwolves,Cameron Reynolds,23,19,0,259,33,78,.423,21,51,.412,12,27,.444,.558,8,9,.889,4,27,31,13,6,2,5,26,95
Western,Pacific,Los Angeles Lakers,Mike Muscala,27,17,4,265,36,83,.434,21,57,.368,15,26,.577,.56,7,8,.875,6,38,44,14,4,11,5,18,100
Eastern,Atlantic,Philadelphia 76ers,Shake Milton,22,20,0,268,34,87,.391,14,44,.318,20,43,.465,.471,5,7,.714,9,26,35,18,8,8,6,29,87
Western,Southwest,Dallas Mavericks,Courtney Lee,33,22,4,268,32,82,.39,11,39,.282,21,43,.488,.457,5,7,.714,3,24,27,21,13,1,9,19,80
Western,Northwest,Utah Jazz,Alec Burks,27,17,0,269,47,114,.412,16,43,.372,31,71,.437,.482,33,38,.868,2,25,27,20,6,4,15,22,143
Western,Pacific,Los Angeles Lakers,Michael Beasley,30,26,2,277,75,153,.49,3,17,.176,72,136,.529,.5,28,39,.718,13,47,60,25,9,10,27,42,181
Western,Pacific,Phoenix Suns,Ryan Anderson,30,15,8,278,19,60,.317,7,34,.206,12,26,.462,.375,11,14,.786,14,31,45,17,3,1,12,23,56
Eastern,Atlantic,Philadelphia 76ers,James Ennis,28,18,2,281,34,83,.41,11,36,.306,23,47,.489,.476,16,23,.696,23,42,65,14,3,7,11,39,95
Eastern,Atlantic,Boston Celtics,Robert Williams,21,32,2,283,36,51,.706,0,0,0,36,51,.706,.706,9,15,.6,27,54,81,7,9,40,10,36,81
Western,Southwest,San Antonio Spurs,Quincy Pondexter,30,53,0,292,29,58,.5,6,18,.333,23,40,.575,.552,34,42,.81,8,38,46,24,11,1,13,24,98
Western,Southwest,Memphis Grizzlies,C.J. Miles,31,13,0,294,42,105,.4,24,66,.364,18,39,.462,.514,13,14,.929,1,26,27,14,8,5,9,17,121
Western,Southwest,Houston Rockets,Carmelo Anthony,34,10,2,294,49,121,.405,21,64,.328,28,57,.491,.492,15,22,.682,9,45,54,5,4,7,8,32,134
Eastern,Southeast,Atlanta Hawks,Alex Poythress,25,21,1,305,40,81,.494,9,23,.391,31,58,.534,.549,18,29,.621,29,47,76,17,4,10,13,47,107
Eastern,Atlantic,Philadelphia 76ers,Boban Marjanović,30,22,3,305,75,120,.625,4,8,.5,71,112,.634,.642,26,36,.722,32,81,113,32,5,10,22,33,180
Western,Pacific,Sacramento Kings,Troy Williams,24,21,0,312,44,98,.449,14,44,.318,30,54,.556,.52,9,15,.6,12,47,59,11,10,8,9,37,111
Western,Pacific,Los Angeles Clippers,Sindarius Thornwell,24,64,1,313,17,49,.347,3,15,.2,14,34,.412,.378,25,34,.735,5,39,44,18,14,7,20,41,62
Eastern,Atlantic,New York Knicks,John Jenkins,27,22,0,319,40,103,.388,20,56,.357,20,47,.426,.485,15,18,.833,6,30,36,21,0,2,9,10,115
Western,Pacific,Los Angeles Clippers,Jerome Robinson,21,33,0,320,44,110,.4,18,57,.316,26,53,.491,.482,6,9,.667,3,38,41,19,11,3,13,46,112
Eastern,Central,Milwaukee Bucks,Nikola Mirotić,27,14,3,320,56,135,.415,31,87,.356,25,48,.521,.53,20,23,.87,14,61,75,20,10,9,11,21,163
Western,Northwest,Utah Jazz,Ekpe Udoh,31,51,1,320,50,72,.694,0,0,0,50,72,.694,.694,19,30,.633,27,63,90,28,10,31,13,36,119
Eastern,Southeast,Orlando Magic,Jarell Martin,24,42,1,328,43,104,.413,20,57,.351,23,47,.489,.51,9,11,.818,11,62,73,18,3,8,11,51,115
Western,Southwest,Memphis Grizzlies,Dillon Brooks,23,18,0,330,49,122,.402,15,40,.375,34,82,.415,.463,22,30,.733,9,22,31,16,10,4,19,50,135
Western,Southwest,San Antonio Spurs,Pau Gasol,38,27,6,330,41,88,.466,5,10,.5,36,78,.462,.494,27,38,.711,22,105,127,50,5,14,14,28,114
Eastern,Southeast,Washington Wizards,Jordan McRae,27,27,0,333,61,130,.469,10,35,.286,51,95,.537,.508,28,35,.8,6,34,40,30,13,7,15,26,160
Eastern,Central,Cleveland Cavaliers,Channing Frye,35,36,6,341,43,117,.368,32,79,.405,11,38,.289,.504,11,14,.786,4,48,52,20,6,5,13,44,129
Eastern,Central,Cleveland Cavaliers,Nik Stauskas,25,24,0,342,40,109,.367,27,63,.429,13,46,.283,.491,25,28,.893,8,39,47,19,7,3,11,19,132
Eastern,Atlantic,Boston Celtics,Brad Wanamaker,29,36,0,343,50,105,.476,16,39,.41,34,66,.515,.552,24,28,.857,3,38,41,56,12,2,19,34,140
Eastern,Atlantic,Toronto Raptors,Patrick McCaw,23,26,1,344,24,54,.444,8,24,.333,16,30,.533,.519,13,15,.867,7,38,45,27,21,2,14,37,69
Eastern,Central,Cleveland Cavaliers,George Hill,32,13,13,344,55,107,.514,13,28,.464,42,79,.532,.575,17,20,.85,12,15,27,36,12,1,20,35,140
Western,Pacific,Sacramento Kings,Corey Brewer,32,24,0,352,33,74,.446,10,30,.333,23,44,.523,.514,22,30,.733,22,37,59,29,20,5,11,47,98
Western,Northwest,Minnesota Timberwolves,Jimmy Butler,29,10,10,361,74,157,.471,17,45,.378,57,112,.509,.525,48,61,.787,16,36,52,43,24,10,14,18,213
Eastern,Central,Indiana Pacers,Kyle O'Quinn,28,45,3,371,69,136,.507,1,12,.083,68,124,.548,.511,17,21,.81,29,90,119,56,9,25,31,68,156
Western,Pacific,Los Angeles Lakers,Johnathan Williams,23,24,0,372,65,110,.591,0,2,0,65,108,.602,.591,27,48,.563,48,51,99,13,8,7,16,62,157
Western,Pacific,Golden State Warriors,Damion Lee,26,32,0,375,56,127,.441,27,68,.397,29,59,.492,.547,19,22,.864,8,56,64,13,13,0,11,28,158
Western,Pacific,Los Angeles Clippers,Boban Marjanović,30,36,9,376,85,140,.607,0,2,0,85,138,.616,.607,72,95,.758,55,97,152,22,11,17,37,57,242
Western,Southwest,New Orleans Pelicans,Wesley Johnson,31,26,13,377,35,88,.398,19,50,.38,16,38,.421,.506,6,9,.667,10,44,54,16,12,7,12,45,95
Western,Northwest,Oklahoma City Thunder,Raymond Felton,34,33,0,379,55,135,.407,20,61,.328,35,74,.473,.481,12,13,.923,4,30,34,52,10,6,14,29,142
Western,Southwest,Houston Rockets,Iman Shumpert,28,20,1,382,34,98,.347,21,71,.296,13,27,.481,.454,2,4,.5,8,46,54,21,12,4,12,35,91
Western,Northwest,Oklahoma City Thunder,Markieff Morris,29,24,1,387,61,156,.391,20,59,.339,41,97,.423,.455,14,19,.737,20,71,91,19,11,2,7,58,156
Western,Southwest,Memphis Grizzlies,MarShon Brooks,30,29,0,387,76,169,.45,15,54,.278,61,115,.53,.494,23,33,.697,12,33,45,25,9,4,21,33,190
Western,Northwest,Minnesota Timberwolves,Luol Deng,33,22,2,392,59,118,.5,14,44,.318,45,74,.608,.559,25,35,.714,20,53,73,18,15,8,14,24,157
Eastern,Central,Cleveland Cavaliers,Marquese Chriss,21,27,2,395,56,146,.384,15,57,.263,41,89,.461,.435,26,38,.684,33,81,114,16,15,7,24,64,153
Eastern,Atlantic,Philadelphia 76ers,Dario Šarić,24,13,13,396,48,132,.364,21,70,.3,27,62,.435,.443,27,30,.9,21,65,86,26,4,3,25,39,144
Western,Southwest,Dallas Mavericks,Salah Mejri,32,36,4,399,55,112,.491,11,34,.324,44,78,.564,.54,20,32,.625,36,95,131,35,10,26,21,55,141
Eastern,Central,Detroit Pistons,Jon Leuer,29,41,1,402,66,113,.584,1,11,.091,65,102,.637,.588,23,31,.742,27,70,97,14,12,4,23,60,156
Western,Pacific,Phoenix Suns,Tyler Johnson,26,13,12,406,46,125,.368,18,56,.321,28,69,.406,.44,34,39,.872,15,37,52,54,14,6,14,25,144
Eastern,Central,Milwaukee Bucks,Thon Maker,21,35,0,409,59,134,.44,26,78,.333,33,56,.589,.537,20,37,.541,17,79,96,18,10,18,9,55,164
Western,Pacific,Golden State Warriors,Damian Jones,23,24,22,410,53,74,.716,0,0,0,53,74,.716,.716,24,37,.649,31,44,75,28,12,25,16,63,130
Eastern,Central,Milwaukee Bucks,Donte DiVincenzo,22,27,0,411,50,124,.403,22,83,.265,28,41,.683,.492,9,12,.75,16,49,65,31,13,6,19,38,131
Western,Northwest,Utah Jazz,Grayson Allen,23,38,2,416,67,178,.376,32,99,.323,35,79,.443,.466,45,60,.75,3,20,23,25,6,6,33,47,211
Eastern,Atlantic,New York Knicks,Kadeem Allen,26,19,1,416,65,141,.461,17,36,.472,48,105,.457,.521,42,54,.778,8,43,51,76,16,4,26,46,189
Western,Pacific,Los Angeles Lakers,Sviatoslav Mykhailiuk,21,39,0,420,44,132,.333,27,85,.318,17,47,.362,.436,12,20,.6,8,26,34,33,13,1,20,25,127
Eastern,Atlantic,Toronto Raptors,Greg Monroe,28,38,2,423,74,161,.46,0,4,0,74,157,.471,.46,35,61,.574,60,96,156,16,13,8,31,61,183
Eastern,Atlantic,Philadelphia 76ers,Markelle Fultz,20,19,15,427,65,155,.419,4,14,.286,61,141,.433,.432,21,37,.568,26,44,70,59,17,5,25,52,155
Eastern,Southeast,Atlanta Hawks,Jaylen Adams,22,34,1,428,38,110,.345,25,74,.338,13,36,.361,.459,7,9,.778,11,49,60,65,14,5,28,45,108
Eastern,Atlantic,Toronto Raptors,Jeremy Lin,30,23,3,433,58,155,.374,11,55,.2,47,100,.47,.41,34,42,.81,6,54,60,50,9,6,26,48,161
Western,Pacific,Sacramento Kings,Frank Mason,24,38,0,435,71,169,.42,14,64,.219,57,105,.543,.462,39,57,.684,6,37,43,84,16,4,36,34,195
Western,Southwest,Dallas Mavericks,Trey Burke,26,25,1,436,88,190,.463,26,73,.356,62,117,.53,.532,41,49,.837,13,24,37,65,12,2,20,25,243
Eastern,Central,Cleveland Cavaliers,Jaron Blossomgame,25,27,4,439,47,106,.443,10,39,.256,37,67,.552,.491,10,13,.769,26,72,98,13,7,8,11,20,114
Eastern,Atlantic,Philadelphia 76ers,Robert Covington,28,13,13,440,50,117,.427,30,77,.39,20,40,.5,.556,17,23,.739,7,60,67,14,24,23,22,45,147
Western,Southwest,Memphis Grizzlies,Avery Bradley,28,14,14,442,87,188,.463,28,73,.384,59,115,.513,.537,23,25,.92,8,36,44,56,14,0,28,34,225
Western,Pacific,Los Angeles Lakers,Moritz Wagner,21,43,5,446,71,171,.415,22,77,.286,49,94,.521,.48,43,53,.811,17,68,85,24,11,13,39,57,207
Western,Southwest,Memphis Grizzlies,Tyler Dorsey,22,21,11,447,75,175,.429,34,93,.366,41,82,.5,.526,22,35,.629,18,52,70,39,7,1,17,33,206
Western,Southwest,Dallas Mavericks,Ryan Broekhoff,28,42,0,453,57,126,.452,38,93,.409,19,33,.576,.603,15,19,.789,8,55,63,22,6,4,16,35,167
Western,Southwest,Memphis Grizzlies,Wayne Selden,24,32,0,455,65,161,.404,20,63,.317,45,98,.459,.466,22,29,.759,16,28,44,36,10,6,23,48,172
Eastern,Southeast,Atlanta Hawks,Justin Anderson,25,48,4,463,64,157,.408,24,77,.312,40,80,.5,.484,26,35,.743,24,60,84,23,22,13,23,48,178
Western,Pacific,Los Angeles Clippers,JaMychal Green,28,24,2,471,79,164,.482,33,80,.413,46,84,.548,.582,17,21,.81,32,125,157,14,12,8,23,70,208
Western,Northwest,Utah Jazz,Raul Neto,26,37,1,474,74,161,.46,20,60,.333,54,101,.535,.522,28,33,.848,6,56,62,93,14,4,35,49,196
Eastern,Central,Chicago Bulls,Otto Porter,25,15,15,492,97,201,.483,39,80,.488,58,121,.479,.58,29,32,.906,14,69,83,40,18,9,25,29,262
Eastern,Atlantic,New York Knicks,DeAndre Jordan,30,19,19,493,78,123,.634,0,0,0,78,123,.634,.634,51,66,.773,64,152,216,57,9,20,42,42,207
Western,Southwest,Memphis Grizzlies,Chandler Parsons,30,25,3,496,68,182,.374,29,94,.309,39,88,.443,.453,22,25,.88,4,66,70,43,19,5,32,45,187
Eastern,Southeast,Washington Wizards,Ian Mahinmi,32,34,6,498,47,104,.452,3,16,.188,44,88,.5,.466,42,61,.689,48,80,128,25,25,16,21,84,139
Western,Pacific,Sacramento Kings,Kosta Koufos,29,42,1,502,73,153,.477,0,0,0,73,153,.477,.477,10,24,.417,52,125,177,36,15,18,27,68,156
Western,Northwest,Minnesota Timberwolves,Keita Bates-Diop,23,30,3,503,60,142,.423,13,52,.25,47,90,.522,.468,18,28,.643,16,67,83,17,18,14,14,29,151
Western,Pacific,Phoenix Suns,Isaiah Canaan,27,19,15,503,51,129,.395,25,72,.347,26,57,.456,.492,15,20,.75,5,44,49,62,12,0,29,46,142
Western,Pacific,Los Angeles Clippers,Garrett Temple,32,26,6,510,42,106,.396,16,54,.296,26,52,.5,.472,23,31,.742,10,54,64,37,26,5,16,70,123
Western,Northwest,Portland Trail Blazers,Enes Kanter,26,23,8,512,124,215,.577,3,12,.25,121,203,.596,.584,50,68,.735,86,112,198,32,14,9,39,61,301
Western,Pacific,Los Angeles Lakers,Ivica Zubac,21,33,12,516,112,193,.58,0,0,0,112,193,.58,.58,57,66,.864,54,108,162,25,4,27,33,73,281
Western,Northwest,Utah Jazz,Georges Niang,25,59,0,516,86,181,.475,43,105,.41,43,76,.566,.594,20,24,.833,11,76,87,35,10,6,23,57,235
Western,Southwest,Memphis Grizzlies,Omri Casspi,30,36,0,520,86,161,.534,15,43,.349,71,118,.602,.581,39,58,.672,17,98,115,26,20,9,23,35,226
Eastern,Central,Indiana Pacers,T.J. Leaf,21,58,1,522,99,183,.541,8,31,.258,91,152,.599,.563,19,31,.613,43,82,125,24,9,19,12,35,225
Western,Pacific,Los Angeles Clippers,Ivica Zubac,21,26,25,524,100,186,.538,0,0,0,100,186,.538,.538,44,60,.733,61,139,200,38,10,24,37,64,244
Western,Pacific,Los Angeles Lakers,Reggie Bullock,27,19,16,524,63,153,.412,34,99,.343,29,54,.537,.523,17,21,.81,2,48,50,20,16,7,11,30,177
Western,Northwest,Oklahoma City Thunder,Hamidou Diallo,20,51,3,526,75,165,.455,4,24,.167,71,141,.504,.467,36,59,.61,38,59,97,17,21,10,23,77,190
Western,Southwest,Memphis Grizzlies,Jonas Valančiūnas,26,19,17,527,152,279,.545,5,18,.278,147,261,.563,.554,70,91,.769,52,151,203,41,6,30,51,64,379
Eastern,Atlantic,Philadelphia 76ers,Amir Johnson,31,51,6,529,79,157,.503,12,40,.3,67,117,.573,.541,31,41,.756,47,100,147,60,16,13,45,99,201
Eastern,Central,Chicago Bulls,Bobby Portis,23,22,6,531,122,271,.45,27,72,.375,95,199,.477,.5,39,50,.78,46,115,161,29,11,8,29,61,310
Western,Southwest,Dallas Mavericks,Justin Jackson,23,29,11,531,92,190,.484,32,86,.372,60,104,.577,.568,21,29,.724,19,47,66,28,9,1,7,32,237
Western,Pacific,Los Angeles Lakers,Alex Caruso,24,25,4,531,77,173,.445,24,50,.48,53,123,.431,.514,51,64,.797,20,47,67,77,24,9,42,54,229
Eastern,Southeast,Miami Heat,Wayne Ellington,31,25,12,533,69,184,.375,57,155,.368,12,29,.414,.53,14,16,.875,6,41,47,29,24,3,14,40,209
Eastern,Central,Chicago Bulls,Cameron Payne,24,31,12,536,69,168,.411,16,59,.271,53,109,.486,.458,22,25,.88,10,43,53,83,20,6,34,49,176
Eastern,Central,Chicago Bulls,Timothé Luwawu-Cabarrot,23,29,6,546,69,175,.394,31,94,.33,38,81,.469,.483,27,35,.771,7,72,79,22,15,7,16,59,196
Western,Southwest,Houston Rockets,Nenê Hilário,36,42,2,546,60,116,.517,0,3,0,60,113,.531,.517,31,47,.66,34,89,123,26,18,15,11,87,151
Western,Southwest,Dallas Mavericks,Tim Hardaway,26,19,17,558,108,267,.404,45,140,.321,63,127,.496,.489,33,43,.767,7,54,61,37,12,2,24,35,294
Eastern,Southeast,Orlando Magic,Isaiah Briscoe,22,39,0,559,55,138,.399,11,34,.324,44,104,.423,.438,15,26,.577,5,69,74,87,11,2,31,66,136
Eastern,Atlantic,Toronto Raptors,C.J. Miles,31,40,1,562,70,206,.34,43,137,.314,27,69,.391,.444,35,44,.795,12,56,68,22,18,10,21,62,218
Eastern,Central,Detroit Pistons,Thon Maker,21,29,5,563,50,134,.373,23,75,.307,27,59,.458,.459,36,47,.766,24,82,106,27,11,33,24,50,159
Eastern,Atlantic,Toronto Raptors,Jonas Valančiūnas,26,30,10,564,149,259,.575,9,30,.3,140,229,.611,.593,77,94,.819,54,162,216,29,13,23,39,82,384
Western,Southwest,Memphis Grizzlies,Jevon Carter,23,39,3,577,56,185,.303,34,102,.333,22,83,.265,.395,26,32,.813,14,52,66,69,26,11,33,55,172
Western,Northwest,Oklahoma City Thunder,Álex Abrines,25,31,2,588,56,157,.357,41,127,.323,15,30,.5,.487,12,13,.923,5,43,48,20,17,6,14,53,165
Eastern,Atlantic,Boston Celtics,Semi Ojeleye,24,56,3,594,67,158,.424,28,89,.315,39,69,.565,.513,24,39,.615,24,62,86,23,10,4,19,43,186
Eastern,Central,Cleveland Cavaliers,Kevin Love,30,22,21,598,109,283,.385,53,147,.361,56,136,.412,.479,103,114,.904,33,206,239,48,6,5,42,54,374
Eastern,Atlantic,New York Knicks,Dennis Smith,21,21,18,600,121,293,.413,24,83,.289,97,210,.462,.454,42,74,.568,14,44,58,114,27,9,54,47,308
Western,Northwest,Utah Jazz,Thabo Sefolosha,34,50,2,609,71,149,.477,34,78,.436,37,71,.521,.591,14,22,.636,8,115,123,27,43,5,25,41,190
Eastern,Central,Detroit Pistons,Glenn Robinson,25,47,18,610,74,176,.42,18,62,.29,56,114,.491,.472,32,40,.8,17,54,71,21,14,8,18,45,198
Western,Southwest,Houston Rockets,Kenneth Faried,29,25,13,610,131,223,.587,7,20,.35,124,203,.611,.603,54,83,.651,82,124,206,18,15,19,27,74,323
Eastern,Central,Cleveland Cavaliers,Brandon Knight,27,27,26,618,88,213,.413,36,97,.371,52,116,.448,.498,18,23,.783,9,41,50,62,19,2,25,48,230
Eastern,Southeast,Washington Wizards,Sam Dekker,24,38,0,619,98,208,.471,14,49,.286,84,159,.528,.505,20,36,.556,44,71,115,37,27,7,19,34,230
Western,Pacific,Los Angeles Clippers,Tyrone Wallace,24,62,0,628,92,217,.424,4,19,.211,88,198,.444,.433,30,57,.526,20,81,101,42,21,7,36,83,218
Eastern,Central,Detroit Pistons,José Calderón,37,49,0,632,45,120,.375,14,57,.246,31,63,.492,.433,9,11,.818,11,49,60,115,16,3,35,64,113
Eastern,Atlantic,Philadelphia 76ers,Jonah Bolden,23,44,10,639,80,162,.494,34,96,.354,46,66,.697,.599,13,27,.481,47,118,165,40,17,39,36,99,207
Western,Southwest,Houston Rockets,Gary Clark,24,51,2,641,50,151,.331,41,138,.297,9,13,.692,.467,7,7,1,24,92,116,18,20,26,7,47,148
Eastern,Southeast,Orlando Magic,Khem Birch,26,50,1,643,91,151,.603,0,1,0,91,150,.607,.603,58,83,.699,79,111,190,38,18,29,20,72,240
Eastern,Central,Indiana Pacers,Aaron Holiday,22,50,0,646,105,262,.401,43,127,.339,62,135,.459,.483,41,50,.82,5,62,67,87,21,13,40,71,294
Eastern,Atlantic,Philadelphia 76ers,Mike Scott,30,27,3,647,76,190,.4,49,119,.412,27,71,.38,.529,10,15,.667,19,83,102,22,9,5,17,68,211
Eastern,Atlantic,Toronto Raptors,Marc Gasol,34,26,19,648,87,187,.465,23,52,.442,64,135,.474,.527,40,52,.769,24,148,172,101,24,23,36,70,237
Western,Northwest,Minnesota Timberwolves,Jerryd Bayless,30,34,6,657,82,230,.357,29,98,.296,53,132,.402,.42,16,28,.571,11,51,62,119,18,2,32,56,209
Western,Northwest,Portland Trail Blazers,Rodney Hood,26,27,4,659,98,217,.452,29,84,.345,69,133,.519,.518,33,41,.805,7,38,45,34,21,7,19,45,258
Western,Northwest,Utah Jazz,Dante Exum,23,42,1,664,101,241,.419,18,62,.29,83,179,.464,.456,68,86,.791,16,52,68,110,14,5,52,69,288
Western,Northwest,Portland Trail Blazers,Nik Stauskas,25,44,0,673,96,229,.419,43,125,.344,53,104,.51,.513,32,36,.889,10,70,80,62,14,4,40,31,267
Eastern,Southeast,Charlotte Hornets,Devonte' Graham,23,46,3,676,74,216,.343,34,121,.281,40,95,.421,.421,35,46,.761,10,53,63,121,23,2,30,48,217
Eastern,Atlantic,Philadelphia 76ers,Furkan Korkmaz,21,48,7,679,98,245,.4,47,144,.326,51,101,.505,.496,36,44,.818,16,91,107,52,29,2,25,62,279
Eastern,Southeast,Washington Wizards,Jabari Parker,23,25,0,682,149,285,.523,24,81,.296,125,204,.613,.565,52,76,.684,38,142,180,68,23,16,67,58,374
Eastern,Southeast,Washington Wizards,Austin Rivers,26,29,2,683,76,194,.392,33,106,.311,43,88,.489,.477,25,46,.543,10,61,71,58,18,10,36,72,210
Eastern,Atlantic,New York Knicks,Trey Burke,26,33,7,689,148,358,.413,30,86,.349,118,272,.434,.455,62,75,.827,15,47,62,94,21,5,29,33,388
Western,Southwest,Memphis Grizzlies,Joakim Noah,33,42,1,693,110,213,.516,0,1,0,110,212,.519,.516,78,109,.716,58,180,238,89,20,31,50,96,298
Western,Pacific,Los Angeles Clippers,Landry Shamet,21,25,23,694,87,210,.414,68,151,.45,19,59,.322,.576,31,39,.795,7,49,56,58,13,2,19,49,273
Western,Northwest,Oklahoma City Thunder,Abdel Nader,25,61,1,694,91,215,.423,32,100,.32,59,115,.513,.498,27,36,.75,14,102,116,20,20,12,26,68,241
Eastern,Atlantic,Brooklyn Nets,Treveon Graham,25,35,21,715,64,191,.335,38,128,.297,26,63,.413,.435,18,22,.818,23,84,107,34,13,7,17,68,184
Eastern,Central,Cleveland Cavaliers,Matthew Dellavedova,28,36,0,715,92,223,.413,40,119,.336,52,104,.5,.502,38,48,.792,6,61,67,152,12,2,57,66,262
Western,Southwest,Memphis Grizzlies,Ivan Rabb,21,49,13,721,116,212,.547,3,15,.2,113,197,.574,.554,49,69,.71,70,136,206,54,17,14,35,90,284
Eastern,Central,Indiana Pacers,Wesley Matthews,32,23,23,725,81,210,.386,48,130,.369,33,80,.413,.5,41,48,.854,11,54,65,55,20,4,31,56,251
Eastern,Southeast,Washington Wizards,Troy Brown,19,52,10,730,97,234,.415,22,69,.319,75,165,.455,.462,32,47,.681,35,110,145,80,21,5,30,56,248
Eastern,Southeast,Washington Wizards,Chasson Randle,25,49,2,743,91,217,.419,46,115,.4,45,102,.441,.525,43,62,.694,10,46,56,97,25,3,43,91,271
Eastern,Central,Chicago Bulls,Cristiano Felício,26,60,0,746,95,179,.531,0,4,0,95,175,.543,.531,50,73,.685,79,139,218,37,11,7,33,69,240
Western,Pacific,Los Angeles Clippers,Mike Scott,30,52,0,748,92,230,.4,52,133,.391,40,97,.412,.513,12,18,.667,24,150,174,44,17,8,27,88,248
Western,Pacific,Los Angeles Clippers,Marcin Gortat,34,47,43,751,99,186,.532,0,0,0,99,186,.532,.532,35,48,.729,67,194,261,65,6,24,50,92,233
Western,Southwest,Dallas Mavericks,J.J. Barea,34,38,0,752,161,385,.418,38,128,.297,123,257,.479,.468,55,78,.705,13,82,95,211,22,1,72,50,415
Eastern,Southeast,Washington Wizards,Kelly Oubre,23,29,7,755,132,305,.433,41,132,.311,91,173,.526,.5,68,85,.8,24,105,129,20,27,20,30,71,373
Eastern,Southeast,Charlotte Hornets,Frank Kaminsky,25,47,0,755,138,298,.463,50,139,.36,88,159,.553,.547,79,107,.738,39,124,163,63,12,12,41,68,405
Eastern,Southeast,Charlotte Hornets,Dwayne Bacon,23,43,13,759,122,257,.475,38,87,.437,84,170,.494,.549,34,46,.739,8,81,89,47,12,5,18,72,316
Western,Pacific,Phoenix Suns,Troy Daniels,27,51,1,760,113,275,.411,74,194,.381,39,81,.481,.545,18,23,.783,13,60,73,26,26,5,27,79,318
Western,Northwest,Minnesota Timberwolves,Robert Covington,28,22,22,763,106,245,.433,55,148,.372,51,97,.526,.545,51,66,.773,21,105,126,32,50,24,25,81,318
Eastern,Central,Detroit Pistons,Wayne Ellington,31,28,26,764,115,273,.421,81,217,.373,34,56,.607,.57,25,33,.758,8,52,60,43,30,3,26,52,336
Eastern,Southeast,Orlando Magic,Mo Bamba,20,47,1,766,117,243,.481,21,70,.3,96,173,.555,.525,37,63,.587,64,169,233,39,13,64,43,102,292
Eastern,Southeast,Washington Wizards,Bobby Portis,23,28,22,768,157,357,.44,48,119,.403,109,238,.458,.507,38,47,.809,63,179,242,43,24,12,45,84,400
Western,Pacific,Golden State Warriors,DeMarcus Cousins,28,30,30,771,178,371,.48,26,95,.274,152,276,.551,.515,106,144,.736,43,204,247,107,40,44,72,109,488
Eastern,Southeast,Charlotte Hornets,Bismack Biyombo,26,54,32,783,89,156,.571,0,0,0,89,156,.571,.571,58,91,.637,81,166,247,33,11,41,34,103,236
Eastern,Atlantic,New York Knicks,Lance Thomas,30,46,17,783,78,197,.396,22,79,.278,56,118,.475,.452,27,36,.75,21,96,117,27,17,7,24,83,205
Eastern,Atlantic,New York Knicks,Luke Kornet,23,46,18,784,107,283,.378,70,193,.363,37,90,.411,.502,38,46,.826,28,107,135,54,27,42,25,41,322
Western,Pacific,Los Angeles Lakers,Tyson Chandler,36,48,6,786,53,87,.609,0,1,0,53,86,.616,.609,41,69,.594,85,183,268,31,19,22,35,89,147
Western,Pacific,Golden State Warriors,Jordan Bell,24,68,3,788,99,192,.516,0,2,0,99,190,.521,.516,25,41,.61,55,129,184,76,20,51,42,80,223
Western,Southwest,Dallas Mavericks,Dirk Nowitzki,40,51,20,795,135,376,.359,64,205,.312,71,171,.415,.444,39,50,.78,5,153,158,35,9,18,18,76,373
Western,Southwest,Memphis Grizzlies,Bruno Caboclo,23,34,19,800,96,225,.427,48,130,.369,48,95,.505,.533,42,50,.84,42,116,158,50,14,33,38,81,282
Western,Southwest,Memphis Grizzlies,Delon Wright,26,26,11,802,115,265,.434,20,78,.256,95,187,.508,.472,66,89,.742,29,112,141,138,42,15,40,50,316
Eastern,Southeast,Atlanta Hawks,Omari Spellman,21,46,11,805,98,244,.402,44,128,.344,54,116,.466,.492,32,45,.711,72,122,194,47,26,25,31,67,272
Eastern,Southeast,Charlotte Hornets,Willy Hernangómez,24,58,3,812,153,295,.519,15,39,.385,138,256,.539,.544,100,144,.694,117,194,311,60,16,20,58,98,421
Western,Pacific,Sacramento Kings,Harry Giles,20,58,0,820,175,348,.503,0,6,0,175,342,.512,.503,58,91,.637,66,156,222,85,31,22,73,150,408
Eastern,Atlantic,Boston Celtics,Aron Baynes,32,51,18,821,105,223,.471,21,61,.344,84,162,.519,.518,53,62,.855,88,152,240,57,12,34,40,125,284
Western,Pacific,Phoenix Suns,Dragan Bender,21,46,27,826,88,197,.447,22,101,.218,66,96,.688,.503,32,54,.593,34,149,183,56,18,22,37,90,230
Eastern,Central,Chicago Bulls,Antonio Blakeney,22,57,3,829,166,396,.419,36,91,.396,130,305,.426,.465,50,76,.658,7,99,106,42,12,9,35,41,418
Eastern,Southeast,Orlando Magic,Jonathon Simmons,29,41,9,845,104,286,.364,19,83,.229,85,203,.419,.397,56,72,.778,23,77,100,95,18,14,56,68,283
Western,Northwest,Oklahoma City Thunder,Patrick Patterson,29,63,5,861,82,219,.374,46,137,.336,36,82,.439,.479,19,30,.633,42,105,147,31,16,13,22,46,229
Western,Northwest,Portland Trail Blazers,Meyers Leonard,26,61,2,878,132,242,.545,50,111,.45,82,131,.626,.649,43,51,.843,49,184,233,75,13,9,43,105,357
Western,Southwest,New Orleans Pelicans,Solomon Hill,27,44,15,878,68,178,.382,32,101,.317,36,77,.468,.472,23,32,.719,34,99,133,55,23,10,31,80,191
Eastern,Central,Detroit Pistons,Zaza Pachulia,34,68,3,878,85,193,.44,0,4,0,85,189,.45,.44,97,124,.782,99,166,265,91,31,17,57,151,267
Eastern,Central,Milwaukee Bucks,D.J. Wilson,22,48,3,882,104,251,.414,46,127,.362,58,124,.468,.506,26,47,.553,45,177,222,52,18,20,32,85,280
Eastern,Southeast,Washington Wizards,Markieff Morris,29,34,15,883,143,328,.436,48,144,.333,95,184,.516,.509,57,73,.781,41,133,174,60,25,20,47,117,391
Western,Pacific,Phoenix Suns,Trevor Ariza,33,26,26,884,86,227,.379,50,139,.36,36,88,.409,.489,36,43,.837,16,129,145,87,38,8,39,44,258
Eastern,Central,Chicago Bulls,Chandler Hutchison,22,44,14,895,96,209,.459,14,50,.28,82,159,.516,.493,23,38,.605,31,154,185,34,23,6,25,59,229
Western,Southwest,New Orleans Pelicans,Cheick Diallo,22,64,1,896,168,271,.62,1,4,.25,167,267,.625,.622,50,67,.746,75,257,332,33,29,33,49,113,387
Eastern,Atlantic,Toronto Raptors,Delon Wright,26,49,2,897,127,293,.433,30,90,.333,97,203,.478,.485,53,61,.869,39,86,125,110,46,15,37,53,337
Western,Southwest,Memphis Grizzlies,JaMychal Green,28,41,4,900,151,312,.484,38,96,.396,113,216,.523,.545,63,80,.788,72,180,252,36,33,26,64,123,403
Eastern,Atlantic,New York Knicks,Frank Ntilikina,20,43,16,904,95,282,.337,33,115,.287,62,167,.371,.395,23,30,.767,12,75,87,121,30,14,56,104,246
Western,Southwest,Dallas Mavericks,Dennis Smith,21,32,32,908,157,357,.44,43,125,.344,114,232,.491,.5,57,82,.695,18,79,97,138,40,11,100,82,414
Eastern,Atlantic,Boston Celtics,Daniel Theis,26,66,2,908,146,266,.549,26,67,.388,120,199,.603,.598,56,76,.737,87,138,225,68,21,42,33,161,374
Western,Southwest,New Orleans Pelicans,Tim Frazier,28,47,17,909,88,195,.451,27,77,.351,61,118,.517,.521,32,41,.78,32,105,137,206,25,4,60,93,235
Western,Southwest,New Orleans Pelicans,Nikola Mirotić,27,32,22,925,182,407,.447,85,231,.368,97,176,.551,.552,85,101,.842,46,218,264,35,21,25,37,86,534
Western,Southwest,San Antonio Spurs,Dante Cunningham,31,64,21,928,75,158,.475,30,65,.462,45,93,.484,.57,14,18,.778,48,140,188,50,27,13,22,71,194
Western,Southwest,New Orleans Pelicans,Jahlil Okafor,23,59,24,935,212,362,.586,1,5,.2,211,357,.591,.587,59,89,.663,82,196,278,40,15,40,52,96,484
Eastern,Southeast,Orlando Magic,Jerian Grant,26,60,1,939,92,220,.418,40,110,.364,52,110,.473,.509,26,40,.65,19,79,98,156,44,6,51,78,250
Eastern,Atlantic,Philadelphia 76ers,Tobias Harris,26,27,27,944,187,399,.469,44,135,.326,143,264,.542,.524,74,88,.841,32,181,213,79,11,13,42,61,492
Western,Pacific,Sacramento Kings,Harrison Barnes,26,28,28,949,141,310,.455,53,130,.408,88,180,.489,.54,64,80,.8,21,133,154,53,17,2,30,43,399
Western,Southwest,Houston Rockets,James Ennis,28,40,25,949,104,211,.493,44,120,.367,60,91,.659,.597,42,58,.724,37,80,117,27,38,16,23,111,294
Eastern,Atlantic,Philadelphia 76ers,Wilson Chandler,31,36,32,951,91,207,.44,46,118,.39,45,89,.506,.551,13,18,.722,44,124,168,72,22,18,39,94,241
Western,Pacific,Phoenix Suns,Elie Okobo,21,53,16,958,114,290,.393,39,132,.295,75,158,.475,.46,37,47,.787,12,86,98,127,32,7,69,109,304
Eastern,Central,Milwaukee Bucks,George Hill,32,47,0,958,115,269,.428,35,125,.28,80,144,.556,.493,53,65,.815,27,94,121,99,40,7,31,67,318
Eastern,Central,Detroit Pistons,Stanley Johnson,22,48,7,961,133,349,.381,51,181,.282,82,168,.488,.454,41,51,.804,25,150,175,60,48,13,55,92,358
Western,Pacific,Golden State Warriors,Shaun Livingston,33,64,0,967,109,210,.519,0,2,0,109,208,.524,.519,40,51,.784,42,75,117,114,31,27,38,74,258
Western,Southwest,New Orleans Pelicans,Ian Clark,27,60,6,973,151,383,.394,66,202,.327,85,181,.47,.48,33,37,.892,13,76,89,94,22,8,58,95,401
Western,Southwest,Houston Rockets,Danuel House,25,39,13,979,118,252,.468,74,178,.416,44,74,.595,.615,56,71,.789,25,115,140,40,21,11,35,80,366
Eastern,Central,Cleveland Cavaliers,Alec Burks,27,34,24,979,136,340,.4,45,119,.378,91,221,.412,.466,79,98,.806,26,160,186,98,25,16,46,62,396
Eastern,Atlantic,Brooklyn Nets,Shabazz Napier,27,56,2,983,169,435,.389,76,228,.333,93,207,.449,.476,115,138,.833,18,82,100,143,41,16,66,67,529
Western,Pacific,Phoenix Suns,De'Anthony Melton,20,50,31,984,100,256,.391,29,95,.305,71,161,.441,.447,21,28,.75,25,109,134,159,68,23,75,113,250
Eastern,Central,Chicago Bulls,Wayne Selden,24,43,13,984,131,322,.407,35,111,.315,96,211,.455,.461,45,63,.714,21,115,136,73,23,7,56,83,342
Eastern,Central,Cleveland Cavaliers,David Nwaba,26,51,14,984,126,262,.481,24,75,.32,102,187,.545,.527,58,85,.682,41,122,163,54,36,17,29,106,334
Eastern,Southeast,Miami Heat,Goran Dragić,32,36,22,991,179,433,.413,57,164,.348,122,269,.454,.479,79,101,.782,20,91,111,174,30,5,71,81,494
Western,Pacific,Golden State Warriors,Alfonzo McKinnie,26,72,5,1003,134,275,.487,42,118,.356,92,157,.586,.564,27,48,.563,81,166,247,31,18,15,30,134,337
Eastern,Southeast,Atlanta Hawks,Jeremy Lin,30,51,1,1003,180,386,.466,44,132,.333,136,254,.535,.523,142,168,.845,16,103,119,181,38,7,98,96,546
Eastern,Southeast,Charlotte Hornets,Tony Parker,36,56,0,1003,213,463,.46,13,51,.255,200,412,.485,.474,91,124,.734,14,69,83,207,21,7,75,53,530
Western,Northwest,Minnesota Timberwolves,Gorgui Dieng,29,76,2,1031,189,377,.501,19,56,.339,170,321,.53,.527,88,106,.83,81,230,311,72,48,41,57,134,485
Eastern,Central,Milwaukee Bucks,Sterling Brown,23,58,7,1034,145,312,.465,53,147,.361,92,165,.558,.55,29,42,.69,29,155,184,84,25,8,46,88,372
Eastern,Atlantic,Philadelphia 76ers,Mike Muscala,27,47,6,1041,109,278,.392,68,199,.342,41,79,.519,.514,63,77,.818,51,149,200,62,18,27,43,112,349
Eastern,Central,Chicago Bulls,Jabari Parker,23,39,17,1042,220,464,.474,37,114,.325,183,350,.523,.514,79,108,.731,41,200,241,84,23,14,84,87,556
Western,Northwest,Oklahoma City Thunder,Nerlens Noel,24,77,2,1055,162,276,.587,0,0,0,162,276,.587,.587,54,79,.684,127,198,325,45,66,96,48,166,378
Western,Pacific,Golden State Warriors,Quinn Cook,25,74,10,1059,204,439,.465,81,200,.405,123,239,.515,.557,20,26,.769,22,135,157,116,20,3,50,92,509
Eastern,Atlantic,Brooklyn Nets,Caris LeVert,24,40,25,1063,207,483,.429,48,154,.312,159,329,.483,.478,85,123,.691,35,116,151,156,42,14,69,77,547
Western,Pacific,Sacramento Kings,Yogi Ferrell,25,71,3,1067,153,352,.435,54,149,.362,99,203,.488,.511,60,67,.896,13,96,109,137,36,4,40,64,420
Western,Southwest,Dallas Mavericks,Devin Harris,35,68,2,1071,132,347,.38,62,200,.31,70,147,.476,.47,102,134,.761,12,100,112,122,35,16,56,133,428
Western,Southwest,New Orleans Pelicans,Kenrich Williams,24,46,29,1079,107,279,.384,52,156,.333,55,123,.447,.477,13,19,.684,55,164,219,83,45,19,36,95,279
Western,Northwest,Minnesota Timberwolves,Anthony Tolliver,33,65,0,1079,99,259,.382,81,215,.377,18,44,.409,.539,47,60,.783,15,162,177,46,17,21,36,91,326
Eastern,Central,Cleveland Cavaliers,Ante Žižić,22,59,25,1082,183,331,.553,0,0,0,183,331,.553,.553,93,132,.705,108,212,320,53,13,22,61,113,459
Western,Pacific,Sacramento Kings,Justin Jackson,23,52,3,1083,125,295,.424,55,159,.346,70,136,.515,.517,41,50,.82,25,121,146,68,23,13,22,67,346
Western,Northwest,Utah Jazz,Kyle Korver,37,54,0,1083,166,407,.408,113,294,.384,53,113,.469,.547,47,57,.825,9,124,133,64,22,10,42,84,492
Western,Pacific,Sacramento Kings,Iman Shumpert,28,42,40,1099,133,348,.382,74,202,.366,59,146,.404,.489,34,41,.829,19,110,129,91,47,20,38,92,374
Eastern,Southeast,Washington Wizards,John Wall,28,32,32,1104,245,552,.444,51,169,.302,194,383,.507,.49,122,175,.697,15,101,116,279,49,29,121,71,663
Eastern,Atlantic,Philadelphia 76ers,Landry Shamet,21,54,4,1108,153,347,.441,99,245,.404,54,102,.529,.584,44,54,.815,14,64,78,59,24,8,26,106,449
Eastern,Central,Chicago Bulls,Wendell Carter,19,44,44,1110,180,371,.485,6,32,.188,174,339,.513,.493,89,112,.795,87,220,307,78,26,58,65,152,455
Western,Northwest,Denver Nuggets,Trey Lyles,23,64,2,1120,207,495,.418,51,200,.255,156,295,.529,.47,81,116,.698,44,202,246,87,30,23,68,93,546
Eastern,Southeast,Miami Heat,Tyler Johnson,26,44,10,1123,171,401,.426,72,204,.353,99,197,.503,.516,61,88,.693,19,102,121,112,40,21,63,72,475
Western,Pacific,Los Angeles Lakers,Lance Stephenson,28,68,3,1123,184,432,.426,73,197,.371,111,235,.472,.51,50,73,.685,32,183,215,140,41,7,86,111,491
Eastern,Atlantic,Toronto Raptors,Norman Powell,25,60,3,1126,193,400,.483,68,170,.4,125,230,.543,.568,62,75,.827,16,123,139,91,39,13,65,96,516
Eastern,Atlantic,New York Knicks,Enes Kanter,26,44,23,1128,251,468,.536,7,22,.318,244,446,.547,.544,105,129,.814,171,290,461,84,18,17,79,106,614
Eastern,Atlantic,Brooklyn Nets,Allen Crabbe,26,43,20,1133,137,373,.367,98,259,.378,39,114,.342,.499,41,56,.732,16,132,148,46,23,13,46,102,413
Eastern,Southeast,Miami Heat,Dion Waiters,27,44,28,1138,198,478,.414,109,289,.377,89,189,.471,.528,22,44,.5,7,109,116,121,29,9,64,72,527
Eastern,Central,Indiana Pacers,Victor Oladipo,26,36,36,1147,249,588,.423,74,216,.343,175,372,.47,.486,103,141,.73,21,181,202,186,60,11,82,72,675
Eastern,Southeast,Miami Heat,Derrick Jones,21,60,14,1153,160,324,.494,28,91,.308,132,233,.567,.537,74,122,.607,96,144,240,37,46,42,43,123,422
Eastern,Southeast,Miami Heat,James Johnson,31,55,33,1164,164,379,.433,50,149,.336,114,230,.496,.499,50,70,.714,22,154,176,135,35,27,74,114,428
Western,Southwest,New Orleans Pelicans,Frank Jackson,20,61,16,1169,194,447,.434,53,169,.314,141,278,.507,.493,54,73,.74,25,109,134,69,25,2,48,92,495
Eastern,Southeast,Charlotte Hornets,Michael Kidd-Gilchrist,25,64,3,1179,158,332,.476,16,47,.34,142,285,.498,.5,95,123,.772,88,158,246,61,32,39,43,156,427
Western,Pacific,Phoenix Suns,Kelly Oubre,23,40,12,1180,243,537,.453,67,206,.325,176,331,.532,.515,121,159,.761,47,149,196,64,57,39,73,110,674
Western,Pacific,Phoenix Suns,Richaun Holmes,25,70,4,1184,222,365,.608,0,0,0,222,365,.608,.608,128,175,.731,115,216,331,60,42,79,52,194,572
Western,Northwest,Denver Nuggets,Will Barton,28,43,38,1189,185,460,.402,67,196,.342,118,264,.447,.475,57,74,.77,32,167,199,124,18,22,65,82,494
Eastern,Southeast,Washington Wizards,Otto Porter,25,41,28,1191,202,442,.457,65,176,.369,137,266,.515,.531,49,64,.766,40,191,231,80,64,22,40,79,518
Eastern,Central,Cleveland Cavaliers,Tristan Thompson,27,43,40,1198,201,380,.529,0,0,0,201,380,.529,.529,68,106,.642,173,265,438,86,28,16,59,89,470
Western,Southwest,Memphis Grizzlies,Shelvin Mack,28,53,3,1204,161,389,.414,46,128,.359,115,261,.441,.473,53,75,.707,18,84,102,182,45,4,62,81,421
Eastern,Atlantic,New York Knicks,Mario Hezonja,23,58,24,1206,191,464,.412,42,152,.276,149,312,.478,.457,87,114,.763,28,211,239,88,57,8,88,110,511
Western,Pacific,Phoenix Suns,Jamal Crawford,38,64,0,1211,174,438,.397,67,202,.332,107,236,.453,.474,93,110,.845,8,77,85,229,33,12,99,75,508
Western,Pacific,Golden State Warriors,Jonas Jerebko,31,73,6,1218,163,355,.459,69,188,.367,94,167,.563,.556,64,80,.8,72,216,288,96,27,18,43,137,459
Eastern,Atlantic,Brooklyn Nets,Jared Dudley,33,59,25,1220,101,239,.423,53,151,.351,48,88,.545,.533,32,46,.696,34,121,155,83,36,16,43,131,287
Eastern,Central,Milwaukee Bucks,Ersan İlyasova,31,67,7,1231,167,381,.438,58,160,.363,109,221,.493,.514,61,74,.824,94,208,302,52,32,20,48,172,453
Eastern,Southeast,Orlando Magic,Wesley Iwundu,24,68,13,1233,113,274,.412,29,79,.367,84,195,.431,.465,84,103,.816,37,147,184,73,28,22,44,123,339
Eastern,Atlantic,Brooklyn Nets,Rondae Hollis-Jefferson,24,59,21,1234,200,487,.411,9,49,.184,191,438,.436,.42,118,183,.645,83,227,310,96,44,27,68,107,527
Eastern,Central,Cleveland Cavaliers,Rodney Hood,26,45,45,1234,194,454,.427,55,152,.362,139,302,.46,.488,104,114,.912,18,94,112,92,38,5,36,101,547
Eastern,Southeast,Charlotte Hornets,Cody Zeller,26,49,47,1243,190,345,.551,6,22,.273,184,323,.57,.559,111,141,.787,110,223,333,102,38,41,62,164,497
Western,Southwest,New Orleans Pelicans,Elfrid Payton,24,42,42,1250,179,412,.434,33,105,.314,146,307,.476,.475,55,74,.743,49,171,220,320,44,17,112,81,446
Eastern,Central,Detroit Pistons,Ish Smith,30,56,0,1251,205,489,.419,44,135,.326,161,354,.455,.464,47,62,.758,23,122,145,203,28,11,61,109,501
Eastern,Southeast,Charlotte Hornets,Malik Monk,20,73,0,1258,227,586,.387,109,330,.33,118,256,.461,.48,90,102,.882,16,121,137,117,37,19,86,106,653
Eastern,Central,Milwaukee Bucks,Pat Connaughton,26,61,2,1261,163,350,.466,66,200,.33,97,150,.647,.56,29,40,.725,61,197,258,122,33,25,33,81,421
Western,Northwest,Minnesota Timberwolves,Jeff Teague,30,42,41,1264,176,416,.423,35,105,.333,141,311,.453,.465,123,153,.804,16,90,106,343,43,18,97,90,510
Western,Southwest,San Antonio Spurs,Jakob Pöltl,23,77,24,1273,187,290,.645,0,0,0,187,290,.645,.645,49,92,.533,178,232,410,93,29,68,48,124,423
Western,Southwest,Memphis Grizzlies,Kyle Anderson,25,43,40,1281,150,276,.543,9,34,.265,141,242,.583,.56,37,64,.578,48,203,251,128,54,37,58,112,346
Western,Southwest,Memphis Grizzlies,Justin Holiday,29,44,39,1282,149,383,.389,65,195,.333,84,188,.447,.474,54,60,.9,27,127,154,61,54,15,57,85,417
Eastern,Atlantic,Brooklyn Nets,Rodions Kurucs,20,63,46,1294,202,449,.45,58,184,.315,144,265,.543,.514,72,92,.783,56,190,246,52,41,25,77,146,534
Eastern,Central,Milwaukee Bucks,Tony Snell,27,74,12,1304,163,361,.452,81,204,.397,82,157,.522,.564,37,42,.881,29,128,157,68,26,18,23,90,444
Western,Southwest,Dallas Mavericks,Wesley Matthews,32,44,44,1312,194,469,.414,100,263,.38,94,206,.456,.52,87,110,.791,20,82,102,100,33,12,58,102,575
Eastern,Central,Chicago Bulls,Justin Holiday,29,38,38,1325,151,394,.383,97,270,.359,54,124,.435,.506,41,46,.891,19,150,169,85,67,21,47,79,440
Western,Northwest,Portland Trail Blazers,Jake Layman,24,71,33,1327,216,424,.509,59,181,.326,157,243,.646,.579,50,71,.704,56,161,217,53,31,30,46,116,541
Eastern,Southeast,Atlanta Hawks,Vince Carter,42,76,9,1330,196,468,.419,123,316,.389,73,152,.48,.55,47,66,.712,31,163,194,87,44,27,48,141,562
Eastern,Central,Indiana Pacers,Doug McDermott,27,77,1,1340,207,422,.491,84,206,.408,123,216,.569,.59,66,79,.835,17,92,109,67,18,8,42,104,564
Western,Southwest,Houston Rockets,Austin Rivers,26,47,13,1345,156,378,.413,71,221,.321,85,157,.541,.507,25,49,.51,15,76,91,109,29,13,32,135,408
Eastern,Atlantic,Toronto Raptors,OG Anunoby,21,67,6,1352,183,404,.453,67,202,.332,116,202,.574,.536,36,62,.581,58,139,197,47,46,22,55,140,469
Eastern,Central,Detroit Pistons,Reggie Bullock,27,44,44,1355,182,441,.413,114,294,.388,68,147,.463,.542,56,64,.875,20,103,123,109,24,5,54,79,534
Western,Northwest,Portland Trail Blazers,Zach Collins,21,77,0,1356,189,400,.473,40,121,.331,149,279,.534,.523,94,126,.746,109,215,324,71,25,66,77,174,512
Western,Northwest,Denver Nuggets,Juan Hernangómez,23,70,25,1358,138,314,.439,66,181,.365,72,133,.541,.545,66,86,.767,64,201,265,55,27,24,37,94,408
Eastern,Atlantic,New York Knicks,Mitchell Robinson,20,66,19,1360,202,291,.694,0,0,0,202,291,.694,.694,81,135,.6,177,246,423,37,52,161,35,217,485
Western,Pacific,Phoenix Suns,T.J. Warren,25,43,36,1360,297,611,.486,77,180,.428,220,431,.51,.549,101,124,.815,31,143,174,64,51,29,52,119,772
Western,Pacific,Los Angeles Lakers,Rajon Rondo,32,46,29,1369,175,432,.405,51,142,.359,124,290,.428,.464,23,36,.639,34,209,243,367,57,7,127,100,424
Eastern,Central,Chicago Bulls,Kris Dunn,24,46,44,1389,215,506,.425,34,96,.354,181,410,.441,.458,55,69,.797,19,168,187,277,68,21,104,166,519
Western,Northwest,Minnesota Timberwolves,Derrick Rose,30,51,13,1392,363,753,.482,54,146,.37,309,607,.509,.518,137,160,.856,33,107,140,220,31,12,82,57,917
Western,Northwest,Portland Trail Blazers,Seth Curry,28,74,2,1399,212,465,.456,113,251,.45,99,214,.463,.577,44,52,.846,27,93,120,66,36,12,61,97,581
Eastern,Central,Indiana Pacers,Tyreke Evans,29,69,18,1402,257,660,.389,77,216,.356,180,444,.405,.448,115,160,.719,33,168,201,166,58,18,118,117,706
Western,Northwest,Portland Trail Blazers,Maurice Harkless,25,60,53,1415,189,388,.487,33,120,.275,156,268,.582,.53,49,73,.671,77,192,269,74,67,53,45,163,460
Western,Pacific,Los Angeles Lakers,Lonzo Ball,21,47,45,1423,185,456,.406,75,228,.329,110,228,.482,.488,20,48,.417,54,197,251,255,69,19,103,114,465
Eastern,Central,Chicago Bulls,Shaquille Harrison,25,73,11,1430,184,426,.432,24,89,.27,160,337,.475,.46,82,123,.667,33,189,222,139,89,30,60,124,474
Eastern,Central,Detroit Pistons,Luke Kennard,22,63,10,1437,228,520,.438,106,269,.394,122,251,.486,.54,51,61,.836,12,171,183,114,26,10,57,92,613
Eastern,Atlantic,Brooklyn Nets,Ed Davis,29,81,1,1446,186,302,.616,0,2,0,186,300,.62,.616,100,162,.617,216,478,694,61,35,33,64,226,472
Eastern,Central,Detroit Pistons,Bruce Brown,22,74,56,1449,125,314,.398,24,93,.258,101,221,.457,.436,45,60,.75,48,137,185,91,40,36,46,178,319
Eastern,Atlantic,New York Knicks,Allonzo Trier,23,64,3,1459,232,518,.448,52,132,.394,180,386,.466,.498,179,223,.803,31,166,197,119,28,14,116,117,695
Western,Pacific,Los Angeles Clippers,Avery Bradley,28,49,49,1463,161,420,.383,58,172,.337,103,248,.415,.452,20,25,.8,35,96,131,96,27,16,61,133,400
Western,Southwest,New Orleans Pelicans,E'Twaun Moore,29,53,36,1463,256,532,.481,76,176,.432,180,356,.506,.553,45,59,.763,35,92,127,102,40,8,59,112,633
Eastern,Southeast,Washington Wizards,Trevor Ariza,33,43,43,1465,208,509,.409,95,295,.322,113,214,.528,.502,94,121,.777,34,192,226,165,53,13,67,86,605
Eastern,Atlantic,Philadelphia 76ers,T.J. McConnell,26,76,3,1470,220,419,.525,14,42,.333,206,377,.546,.542,29,37,.784,28,146,174,258,79,17,91,105,483
Western,Southwest,Houston Rockets,Gerald Green,33,73,0,1473,231,578,.4,156,441,.354,75,137,.547,.535,57,68,.838,30,152,182,40,33,27,55,126,675
Western,Pacific,Golden State Warriors,Kevon Looney,22,80,24,1481,217,347,.625,1,10,.1,216,337,.641,.627,65,105,.619,194,223,417,123,46,53,51,211,500
Eastern,Southeast,Washington Wizards,Thomas Bryant,21,72,53,1496,309,502,.616,33,99,.333,276,403,.685,.648,107,137,.781,113,341,454,92,25,67,60,126,758
Eastern,Atlantic,New York Knicks,Tim Hardaway,26,46,46,1499,282,726,.388,117,337,.347,165,389,.424,.469,199,233,.854,26,135,161,122,42,6,81,106,880
Western,Southwest,Dallas Mavericks,Maxi Kleber,27,71,18,1502,175,386,.453,77,218,.353,98,168,.583,.553,58,74,.784,90,239,329,70,36,78,54,143,485
Western,Northwest,Denver Nuggets,Torrey Craig,28,75,37,1503,160,362,.442,61,188,.324,99,174,.569,.526,49,70,.7,89,174,263,72,37,46,44,175,430
Western,Southwest,Memphis Grizzlies,Jaren Jackson,19,58,56,1515,298,589,.506,51,142,.359,247,447,.553,.549,151,197,.766,73,199,272,64,52,82,98,220,798
Western,Southwest,Memphis Grizzlies,Garrett Temple,32,49,49,1530,166,387,.429,74,210,.352,92,177,.52,.525,57,76,.75,18,134,152,69,50,25,54,134,463
Eastern,Southeast,Atlanta Hawks,Alex Len,25,77,31,1544,320,648,.494,74,204,.363,246,444,.554,.551,140,216,.648,158,266,424,86,27,69,97,200,854
Eastern,Southeast,Miami Heat,Rodney McGruder,27,66,45,1550,186,461,.403,79,225,.351,107,236,.453,.489,52,72,.722,60,178,238,112,36,12,64,115,503
Eastern,Southeast,Atlanta Hawks,Taurean Waller-Prince,24,55,47,1552,262,594,.441,123,315,.39,139,279,.498,.545,95,116,.819,22,177,199,118,53,19,100,141,742
Western,Southwest,Dallas Mavericks,DeAndre Jordan,30,50,50,1554,208,323,.644,0,0,0,208,323,.644,.644,135,198,.682,161,525,686,99,33,53,111,125,551
Western,Northwest,Minnesota Timberwolves,Tyus Jones,22,68,23,1560,185,446,.415,40,126,.317,145,320,.453,.46,58,69,.841,23,111,134,327,81,5,47,78,468
Western,Pacific,Sacramento Kings,Marvin Bagley,19,62,4,1567,356,706,.504,30,96,.313,326,610,.534,.525,181,262,.691,162,309,471,62,33,59,98,120,923
Western,Pacific,Golden State Warriors,Andre Iguodala,35,68,13,1578,151,302,.5,48,144,.333,103,158,.652,.579,39,67,.582,48,204,252,216,61,51,52,95,389
Western,Southwest,Dallas Mavericks,Harrison Barnes,26,49,49,1584,290,717,.404,121,311,.389,169,406,.416,.489,165,198,.833,36,171,207,62,33,11,68,79,866
Western,Southwest,Dallas Mavericks,Jalen Brunson,22,73,38,1591,264,565,.467,63,181,.348,201,384,.523,.523,87,120,.725,25,144,169,230,37,4,88,127,678
Western,Northwest,Portland Trail Blazers,Evan Turner,30,73,2,1605,204,443,.46,11,52,.212,193,391,.494,.473,75,106,.708,37,291,328,283,33,18,114,110,494
Eastern,Central,Chicago Bulls,Robin Lopez,30,74,36,1606,304,535,.568,7,31,.226,297,504,.589,.575,89,123,.724,140,146,286,89,11,78,96,124,704
Eastern,Atlantic,New York Knicks,Emmanuel Mudiay,22,59,42,1607,330,740,.446,69,210,.329,261,530,.492,.493,144,186,.774,33,163,196,228,43,19,140,103,873
Eastern,Southeast,Atlanta Hawks,Dewayne Dedmon,29,64,52,1609,259,526,.492,83,217,.382,176,309,.57,.571,92,113,.814,105,375,480,90,69,71,84,214,693
Western,Northwest,Minnesota Timberwolves,Dario Šarić,24,68,28,1627,256,564,.454,97,253,.383,159,311,.511,.54,105,120,.875,105,266,371,101,41,6,72,143,714
Western,Southwest,San Antonio Spurs,Dāvis Bertāns,26,76,12,1632,204,453,.45,145,338,.429,59,115,.513,.61,53,60,.883,23,241,264,100,35,33,43,133,606
Western,Northwest,Denver Nuggets,Gary Harris,24,57,48,1639,270,637,.424,82,242,.339,188,395,.476,.488,115,144,.799,41,119,160,127,55,19,68,113,737
Eastern,Southeast,Atlanta Hawks,Kent Bazemore,29,67,35,1643,278,691,.402,96,300,.32,182,391,.465,.472,127,175,.726,37,224,261,152,89,42,121,170,779
Western,Southwest,Dallas Mavericks,Dwight Powell,27,77,22,1662,290,486,.597,39,127,.307,251,359,.699,.637,196,254,.772,140,271,411,112,44,50,67,201,815
Western,Northwest,Utah Jazz,Royce O'Neale,25,82,16,1671,163,343,.475,68,176,.386,95,167,.569,.574,32,42,.762,22,263,285,124,54,24,70,172,426
Western,Pacific,Los Angeles Lakers,JaVale McGee,31,75,62,1671,400,641,.624,1,12,.083,399,629,.634,.625,96,152,.632,195,371,566,52,47,148,108,208,897
Eastern,Southeast,Miami Heat,Hassan Whiteside,29,72,53,1674,388,680,.571,2,16,.125,386,664,.581,.572,109,243,.449,257,560,817,56,46,136,97,192,887
Eastern,Central,Chicago Bulls,Lauri Markkanen,21,52,51,1682,342,795,.43,120,332,.361,222,463,.479,.506,170,195,.872,74,396,470,75,37,33,85,122,974
Western,Northwest,Minnesota Timberwolves,Taj Gibson,33,70,57,1686,304,537,.566,11,34,.324,293,503,.583,.576,134,177,.757,172,286,458,84,53,39,73,186,753
Eastern,Southeast,Charlotte Hornets,Miles Bridges,20,80,25,1696,237,511,.464,65,200,.325,172,311,.553,.527,58,77,.753,67,256,323,95,55,49,50,111,597
Eastern,Atlantic,Brooklyn Nets,DeMarre Carroll,32,67,8,1703,227,575,.395,106,310,.342,121,265,.457,.487,184,242,.76,68,281,349,85,31,10,73,114,744
Western,Pacific,Los Angeles Lakers,Josh Hart,23,67,22,1715,189,464,.407,92,274,.336,97,190,.511,.506,55,80,.688,35,213,248,93,64,40,58,147,525
Eastern,Atlantic,New York Knicks,Noah Vonleh,23,68,57,1722,207,440,.47,46,137,.336,161,303,.531,.523,111,156,.712,113,415,528,129,46,51,88,174,571
Western,Southwest,San Antonio Spurs,Derrick White,24,67,55,1728,260,543,.479,48,142,.338,212,401,.529,.523,95,123,.772,35,212,247,263,67,47,97,145,663
Western,Northwest,Denver Nuggets,Mason Plumlee,28,82,17,1731,262,442,.593,2,10,.2,260,432,.602,.595,111,198,.561,165,359,524,243,66,76,126,252,637
Eastern,Central,Detroit Pistons,Langston Galloway,27,80,4,1745,228,587,.388,135,380,.355,93,207,.449,.503,81,96,.844,49,122,171,85,37,8,24,135,672
Western,Northwest,Minnesota Timberwolves,Josh Okogie,20,74,52,1757,196,508,.386,60,215,.279,136,293,.464,.445,118,162,.728,41,177,218,91,88,33,63,166,570
Western,Southwest,New Orleans Pelicans,Darius Miller,28,69,15,1757,189,484,.39,133,364,.365,56,120,.467,.528,56,71,.789,14,114,128,146,40,23,59,165,567
Western,Pacific,Los Angeles Lakers,Brandon Ingram,21,52,52,1760,362,729,.497,31,94,.33,331,635,.521,.518,195,289,.675,41,226,267,154,28,31,129,149,950
Eastern,Atlantic,Toronto Raptors,Fred VanVleet,24,64,28,1760,246,600,.41,112,296,.378,134,304,.441,.503,97,115,.843,21,146,167,307,57,20,82,110,701
Western,Northwest,Utah Jazz,Derrick Favors,27,76,70,1766,363,619,.586,17,78,.218,346,541,.64,.6,154,228,.675,207,353,560,89,56,106,84,163,897
Western,Pacific,Sacramento Kings,Nemanja Bjelica,30,77,70,1788,284,593,.479,103,257,.401,181,336,.539,.566,70,92,.761,125,319,444,147,54,56,82,197,741
Western,Southwest,Memphis Grizzlies,Marc Gasol,34,53,53,1788,303,683,.444,76,221,.344,227,462,.491,.499,152,201,.756,56,399,455,248,60,63,119,147,834
Eastern,Atlantic,Boston Celtics,Terry Rozier,24,79,14,1791,258,666,.387,119,337,.353,139,329,.422,.477,73,93,.785,32,275,307,231,68,21,68,101,708
Eastern,Central,Cleveland Cavaliers,Larry Nance,26,67,30,1795,249,479,.52,33,98,.337,216,381,.567,.554,96,134,.716,168,384,552,214,100,40,97,192,627
Eastern,Southeast,Miami Heat,Kelly Olynyk,27,79,36,1812,261,564,.463,113,319,.354,148,245,.604,.563,152,185,.822,72,303,375,140,53,37,114,183,787
Western,Southwest,San Antonio Spurs,Marco Belinelli,32,79,1,1815,285,690,.413,147,395,.372,138,295,.468,.52,112,124,.903,16,182,198,132,35,8,72,121,829
Eastern,Atlantic,Philadelphia 76ers,Jimmy Butler,29,55,55,1824,344,747,.461,50,148,.338,294,599,.491,.494,264,304,.868,105,185,290,220,99,29,81,93,1002
Eastern,Southeast,Atlanta Hawks,John Collins,21,61,59,1829,465,831,.56,55,158,.348,410,673,.609,.593,203,266,.763,219,376,595,121,22,39,120,199,1188
Eastern,Central,Milwaukee Bucks,Malcolm Brogdon,26,64,64,1832,378,748,.505,104,244,.426,274,504,.544,.575,141,152,.928,65,223,288,205,46,13,91,102,1001
Eastern,Central,Indiana Pacers,Domantas Sabonis,22,74,5,1838,413,700,.59,9,17,.529,404,683,.592,.596,208,291,.715,186,504,690,212,48,30,160,239,1043
Western,Southwest,San Antonio Spurs,Rudy Gay,32,69,51,1842,376,746,.504,74,184,.402,302,562,.537,.554,120,147,.816,63,407,470,182,54,34,114,159,946
Western,Southwest,New Orleans Pelicans,Anthony Davis,25,56,56,1850,530,1026,.517,48,145,.331,482,881,.547,.54,344,433,.794,174,498,672,218,88,135,112,132,1452
Western,Southwest,Houston Rockets,Chris Paul,33,58,58,1857,302,720,.419,127,355,.358,175,365,.479,.508,175,203,.862,36,229,265,473,114,18,152,146,906
Eastern,Atlantic,Boston Celtics,Gordon Hayward,28,72,18,1863,296,635,.466,77,231,.333,219,404,.542,.527,156,187,.834,51,271,322,244,62,23,105,104,825
Western,Northwest,Denver Nuggets,Malik Beasley,22,81,18,1879,349,737,.474,163,405,.402,186,332,.56,.584,56,66,.848,35,165,200,97,55,10,55,116,917
Eastern,Southeast,Miami Heat,Dwyane Wade,37,72,2,1885,416,960,.433,86,261,.33,330,699,.472,.478,165,233,.708,69,216,285,301,59,38,166,118,1083
Western,Northwest,Denver Nuggets,Paul Millsap,33,70,65,1895,322,665,.484,58,159,.365,264,506,.522,.528,181,249,.727,153,352,505,141,83,54,95,183,883
Western,Northwest,Utah Jazz,Ricky Rubio,28,68,67,1899,295,730,.404,79,254,.311,216,476,.454,.458,195,228,.855,33,210,243,416,91,10,180,180,864
Western,Pacific,Los Angeles Clippers,Tobias Harris,26,55,55,1903,424,855,.496,112,258,.434,312,597,.523,.561,192,219,.877,37,395,432,150,40,24,109,123,1152
Western,Southwest,San Antonio Spurs,Patty Mills,30,82,1,1908,282,663,.425,159,404,.394,123,259,.475,.545,88,103,.854,24,158,182,245,49,10,93,129,811
Eastern,Southeast,Miami Heat,Bam Adebayo,21,82,28,1913,280,486,.576,3,15,.2,277,471,.588,.579,166,226,.735,165,432,597,184,71,65,121,203,729
Eastern,Atlantic,Boston Celtics,Jaylen Brown,22,74,25,1913,368,792,.465,95,276,.344,273,516,.529,.525,133,202,.658,65,248,313,100,69,32,99,186,964
Eastern,Atlantic,Brooklyn Nets,Spencer Dinwiddie,25,68,4,1914,366,828,.442,124,370,.335,242,458,.528,.517,287,356,.806,26,140,166,311,40,17,152,187,1143
Western,Northwest,Oklahoma City Thunder,Terrance Ferguson,20,74,74,1931,185,431,.429,106,290,.366,79,141,.56,.552,37,51,.725,33,108,141,72,40,16,47,231,513
Eastern,Southeast,Atlanta Hawks,DeAndre' Bembry,24,82,15,1931,275,616,.446,50,173,.289,225,443,.508,.487,87,136,.64,54,304,358,202,105,41,142,190,687
Western,Pacific,Los Angeles Lakers,LeBron James,34,55,55,1937,558,1095,.51,111,327,.339,447,768,.582,.56,278,418,.665,57,408,465,454,72,33,197,94,1505
Western,Pacific,Sacramento Kings,Bogdan Bogdanović,26,70,17,1947,361,863,.418,134,372,.36,227,491,.462,.496,134,162,.827,40,203,243,267,72,15,117,142,990
Eastern,Southeast,Miami Heat,Justise Winslow,22,66,52,1959,324,749,.433,96,256,.375,228,493,.462,.497,86,137,.628,63,292,355,282,72,19,142,177,830
Eastern,Central,Chicago Bulls,Ryan Arcidiacono,24,81,32,1961,187,418,.447,81,217,.373,106,201,.527,.544,89,102,.873,27,192,219,269,65,4,63,171,544
Western,Northwest,Denver Nuggets,Monte Morris,23,82,6,1970,346,702,.493,94,227,.414,252,475,.531,.56,65,81,.802,35,159,194,297,73,4,52,102,851
Eastern,Atlantic,Boston Celtics,Al Horford,32,68,68,1973,387,723,.535,73,203,.36,314,520,.604,.586,78,95,.821,120,338,458,283,59,86,102,126,925
Western,Northwest,Portland Trail Blazers,Jusuf Nurkić,24,72,72,1974,420,826,.508,3,29,.103,417,797,.523,.51,282,365,.773,243,505,748,233,71,103,168,250,1125
Western,Southwest,Dallas Mavericks,Dorian Finney-Smith,25,81,26,1985,228,528,.432,79,254,.311,149,274,.544,.507,73,103,.709,138,251,389,95,69,36,74,186,608
Western,Pacific,Phoenix Suns,Josh Jackson,21,79,29,1988,347,841,.413,73,225,.324,274,616,.445,.456,143,213,.671,66,281,347,183,74,56,173,209,910
Western,Pacific,Los Angeles Clippers,Lou Williams,32,75,1,1993,484,1138,.425,105,291,.361,379,847,.447,.471,425,485,.876,40,182,222,402,57,11,181,80,1498
Eastern,Southeast,Orlando Magic,Jonathan Isaac,21,75,64,1996,262,611,.429,86,266,.323,176,345,.51,.499,110,135,.815,99,312,411,80,59,98,75,143,720
Eastern,Atlantic,New York Knicks,Damyean Dotson,24,73,40,2004,290,698,.415,126,342,.368,164,356,.461,.506,73,98,.745,34,228,262,135,58,10,71,135,779
Eastern,Atlantic,Toronto Raptors,Serge Ibaka,29,74,51,2010,464,877,.529,49,169,.29,415,708,.586,.557,135,177,.763,156,445,601,99,29,103,114,211,1112
Western,Pacific,Los Angeles Lakers,Kentavious Caldwell-Pope,25,82,23,2035,325,756,.43,151,435,.347,174,321,.542,.53,137,158,.867,48,190,238,110,73,13,65,137,938
Eastern,Atlantic,Toronto Raptors,Kawhi Leonard,27,60,60,2040,560,1129,.496,112,302,.371,448,827,.542,.546,364,426,.854,78,361,439,199,106,24,121,87,1596
Eastern,Southeast,Atlanta Hawks,Kevin Huerter,20,75,59,2048,275,657,.419,136,353,.385,139,304,.457,.522,41,56,.732,60,185,245,214,65,25,109,155,727
Western,Pacific,Los Angeles Clippers,Danilo Gallinari,30,68,68,2059,409,884,.463,161,372,.433,248,512,.484,.554,367,406,.904,54,363,417,178,49,23,99,129,1346
Eastern,Central,Indiana Pacers,Cory Joseph,27,82,9,2063,226,548,.412,55,171,.322,171,377,.454,.463,30,43,.698,39,240,279,321,94,22,80,131,537
Western,Pacific,Golden State Warriors,Draymond Green,28,66,66,2065,188,422,.445,47,165,.285,141,257,.549,.501,63,91,.692,60,421,481,454,95,70,169,197,486
Eastern,Atlantic,Boston Celtics,Marcus Morris,29,75,53,2091,377,844,.447,146,389,.375,231,455,.508,.533,146,173,.844,76,382,458,109,43,25,92,181,1046
Eastern,Atlantic,Brooklyn Nets,Jarrett Allen,20,80,80,2096,335,568,.59,6,45,.133,329,523,.629,.595,197,278,.709,191,481,672,110,43,120,103,184,873
Eastern,Southeast,Washington Wizards,Jeff Green,32,77,44,2097,326,687,.475,111,320,.347,215,367,.586,.555,183,206,.888,57,252,309,137,43,39,101,160,946
Eastern,Central,Indiana Pacers,Myles Turner,22,74,74,2119,380,780,.487,76,196,.388,304,584,.521,.536,148,201,.736,101,430,531,115,60,199,100,195,984
Eastern,Southeast,Charlotte Hornets,Marvin Williams,32,75,75,2133,275,652,.422,140,382,.366,135,270,.5,.529,66,86,.767,76,331,407,92,71,61,47,156,756
Western,Pacific,Los Angeles Clippers,Patrick Beverley,30,78,49,2137,194,477,.407,112,282,.397,82,195,.421,.524,96,123,.78,76,312,388,300,67,43,85,265,596
Eastern,Central,Indiana Pacers,Darren Collison,31,76,76,2143,308,659,.467,79,194,.407,229,465,.492,.527,158,190,.832,36,196,232,459,110,9,125,138,853
Eastern,Southeast,Orlando Magic,Terrence Ross,27,81,0,2150,440,1027,.428,217,566,.383,223,461,.484,.534,126,144,.875,27,253,280,135,72,29,90,119,1223
Eastern,Atlantic,Philadelphia 76ers,Joel Embiid,24,64,64,2154,580,1199,.484,79,263,.3,501,936,.535,.517,522,649,.804,160,711,871,234,46,122,226,211,1761
Eastern,Atlantic,New York Knicks,Kevin Knox,19,75,57,2158,338,914,.37,125,364,.343,213,550,.387,.438,162,226,.717,61,274,335,82,43,24,114,175,963
Western,Pacific,Los Angeles Clippers,Montrezl Harrell,25,82,5,2158,546,888,.615,3,17,.176,543,871,.623,.617,266,414,.643,184,351,535,162,71,110,132,255,1361
Western,Southwest,Houston Rockets,Eric Gordon,30,68,53,2158,384,938,.409,216,600,.36,168,338,.497,.525,119,152,.783,17,131,148,129,41,27,90,143,1103
Eastern,Southeast,Washington Wizards,Tomáš Satoranský,27,80,54,2164,257,530,.485,64,162,.395,193,368,.524,.545,131,160,.819,82,197,279,399,82,13,120,172,709
Western,Northwest,Utah Jazz,Jae Crowder,28,80,11,2166,318,797,.399,173,522,.331,145,275,.527,.508,142,197,.721,60,324,384,133,64,31,85,170,951
Eastern,Central,Chicago Bulls,Zach LaVine,23,63,62,2171,530,1135,.467,120,321,.374,410,814,.504,.52,312,375,.832,40,254,294,283,60,26,215,140,1492
Western,Pacific,Los Angeles Clippers,Shai Gilgeous-Alexander,20,82,73,2174,341,716,.476,51,139,.367,290,577,.503,.512,156,195,.8,57,175,232,270,96,45,141,175,889
Western,Pacific,Phoenix Suns,Deandre Ayton,20,71,70,2183,509,870,.585,0,4,0,509,866,.588,.585,141,189,.746,223,506,729,125,61,67,126,209,1159
Eastern,Atlantic,Boston Celtics,Marcus Smart,24,80,60,2200,239,567,.422,126,346,.364,113,221,.511,.533,104,129,.806,57,177,234,321,143,28,123,201,708
Western,Pacific,Sacramento Kings,Willie Cauley-Stein,25,81,81,2213,412,741,.556,1,2,.5,411,739,.556,.557,140,254,.551,181,497,678,194,96,51,84,227,965
Eastern,Atlantic,Toronto Raptors,Kyle Lowry,32,65,65,2213,304,739,.411,157,453,.347,147,286,.514,.518,161,194,.83,41,271,312,564,91,31,182,166,926
Eastern,Atlantic,Boston Celtics,Kyrie Irving,26,67,67,2214,604,1241,.487,174,434,.401,430,807,.533,.557,214,245,.873,71,264,335,464,103,34,172,167,1596
Eastern,Central,Cleveland Cavaliers,Jordan Clarkson,26,81,0,2214,529,1180,.448,144,445,.324,385,735,.524,.509,162,192,.844,82,188,270,196,57,13,135,112,1364
Eastern,Atlantic,Toronto Raptors,Danny Green,31,80,80,2216,293,630,.465,198,435,.455,95,195,.487,.622,37,44,.841,60,257,317,126,73,53,75,171,821
Western,Southwest,New Orleans Pelicans,Julius Randle,24,73,49,2232,571,1089,.524,67,195,.344,504,894,.564,.555,356,487,.731,162,472,634,229,52,45,208,246,1565
Western,Pacific,Phoenix Suns,Devin Booker,22,64,64,2242,586,1255,.467,135,414,.326,451,841,.536,.521,393,454,.866,39,226,265,433,56,13,264,200,1700
Western,Southwest,Houston Rockets,Clint Capela,24,67,67,2249,474,732,.648,0,0,0,474,732,.648,.648,166,261,.636,298,550,848,96,44,102,94,168,1114
Eastern,Southeast,Charlotte Hornets,Jeremy Lamb,26,79,55,2250,431,979,.44,115,330,.348,316,649,.487,.499,231,260,.888,65,369,434,172,88,32,80,140,1208
Eastern,Southeast,Orlando Magic,D.J. Augustin,31,81,81,2269,318,677,.47,131,311,.421,187,366,.511,.566,181,209,.866,41,162,203,426,52,4,128,115,948
Eastern,Central,Milwaukee Bucks,Eric Bledsoe,29,78,78,2272,470,971,.484,124,377,.329,346,594,.582,.548,177,236,.75,82,280,362,430,116,29,165,156,1241
Eastern,Central,Detroit Pistons,Reggie Jackson,28,82,82,2289,441,1047,.421,174,471,.369,267,576,.464,.504,204,236,.864,45,171,216,344,55,9,148,208,1260
Western,Northwest,Portland Trail Blazers,Al-Farouq Aminu,28,81,81,2292,257,593,.433,96,280,.343,161,313,.514,.514,150,173,.867,112,498,610,104,68,33,72,143,760
Western,Southwest,San Antonio Spurs,Bryn Forbes,25,82,81,2293,361,791,.456,176,413,.426,185,378,.489,.568,69,78,.885,18,221,239,175,45,4,80,159,967
Eastern,Atlantic,Brooklyn Nets,Joe Harris,27,76,76,2293,374,748,.5,183,386,.474,191,362,.528,.622,110,133,.827,52,239,291,181,38,17,121,182,1041
Western,Pacific,Los Angeles Lakers,Kyle Kuzma,23,70,68,2314,496,1087,.456,128,422,.303,368,665,.553,.515,188,250,.752,60,322,382,178,41,26,133,170,1308
Western,Northwest,Oklahoma City Thunder,Dennis Schröder,25,79,14,2314,457,1104,.414,124,364,.341,333,740,.45,.47,186,227,.819,38,246,284,323,65,12,172,189,1224
Western,Southwest,Dallas Mavericks,Luka Dončić,19,72,72,2318,506,1186,.427,168,514,.327,338,672,.503,.497,346,485,.713,86,477,563,429,77,25,247,137,1526
Eastern,Central,Milwaukee Bucks,Brook Lopez,30,81,81,2322,355,786,.452,187,512,.365,168,274,.613,.571,112,133,.842,33,363,396,98,51,179,82,189,1009
Western,Pacific,Golden State Warriors,Stephen Curry,30,69,69,2331,632,1340,.472,354,810,.437,278,530,.525,.604,263,287,.916,45,324,369,361,92,25,192,166,1881
Western,Southwest,Memphis Grizzlies,Mike Conley,31,70,70,2342,490,1120,.438,155,426,.364,335,694,.483,.507,343,406,.845,40,199,239,449,94,22,130,123,1478
Eastern,Southeast,Charlotte Hornets,Nicolas Batum,30,75,72,2354,253,562,.45,116,298,.389,137,264,.519,.553,77,89,.865,71,319,390,247,71,43,117,140,699
Eastern,Central,Milwaukee Bucks,Giannis Antetokounmpo,24,72,72,2358,721,1247,.578,52,203,.256,669,1044,.641,.599,500,686,.729,159,739,898,424,92,110,268,232,1994
Western,Northwest,Portland Trail Blazers,CJ McCollum,27,70,70,2375,571,1243,.459,167,445,.375,404,798,.506,.527,159,192,.828,62,220,282,207,55,28,106,172,1468
Eastern,Atlantic,Philadelphia 76ers,J.J. Redick,34,76,63,2379,452,1027,.44,240,605,.397,212,422,.502,.557,228,255,.894,20,166,186,206,32,17,101,129,1372
Eastern,Central,Milwaukee Bucks,Khris Middleton,27,77,77,2393,506,1148,.441,179,474,.378,327,674,.485,.519,216,258,.837,50,411,461,331,80,7,174,172,1407
Western,Southwest,New Orleans Pelicans,Jrue Holiday,28,67,67,2402,547,1159,.472,118,363,.325,429,796,.539,.523,208,271,.768,75,259,334,518,109,54,210,148,1420
Western,Pacific,Phoenix Suns,Mikal Bridges,22,82,56,2417,242,563,.43,105,313,.335,137,250,.548,.523,95,118,.805,56,208,264,173,129,38,70,201,684
Eastern,Central,Cleveland Cavaliers,Cedi Osman,23,76,75,2444,360,844,.427,130,374,.348,230,470,.489,.504,141,181,.779,45,312,357,195,60,11,114,195,991
Western,Northwest,Denver Nuggets,Jamal Murray,21,75,74,2447,513,1173,.437,152,414,.367,361,759,.476,.502,189,223,.848,65,252,317,363,67,27,158,153,1367
Eastern,Atlantic,Brooklyn Nets,D'Angelo Russell,22,81,81,2448,659,1517,.434,234,635,.369,425,882,.482,.512,160,205,.78,53,262,315,563,100,20,253,141,1712
Eastern,Atlantic,Boston Celtics,Jayson Tatum,20,79,79,2455,466,1036,.45,116,311,.373,350,725,.483,.506,195,228,.855,70,407,477,168,84,57,122,168,1243
Eastern,Central,Indiana Pacers,Thaddeus Young,30,81,81,2489,443,841,.527,51,146,.349,392,695,.564,.557,87,135,.644,192,331,523,204,123,36,123,194,1024
Eastern,Southeast,Atlanta Hawks,Trae Young,20,81,81,2503,525,1256,.418,156,482,.324,369,774,.477,.48,343,414,.829,64,237,301,653,72,15,308,140,1549
Western,Northwest,Denver Nuggets,Nikola Jokić,23,80,80,2504,616,1206,.511,83,270,.307,533,936,.569,.545,289,352,.821,228,637,865,580,108,55,248,228,1604
Eastern,Southeast,Orlando Magic,Nikola Vučević,28,80,80,2510,701,1354,.518,84,231,.364,617,1123,.549,.549,179,227,.789,224,736,960,307,81,89,159,157,1665
Eastern,Southeast,Miami Heat,Josh Richardson,25,73,73,2539,423,1026,.412,164,460,.357,259,566,.458,.492,199,231,.861,54,209,263,298,79,34,113,200,1209
Western,Northwest,Minnesota Timberwolves,Andrew Wiggins,23,73,73,2543,498,1209,.412,118,348,.339,380,861,.441,.461,207,296,.699,83,269,352,184,70,48,138,153,1321
Western,Northwest,Minnesota Timberwolves,Karl-Anthony Towns,23,77,77,2545,681,1314,.518,142,355,.4,539,959,.562,.572,376,450,.836,263,691,954,259,67,125,240,292,1880
Western,Pacific,Sacramento Kings,De'Aaron Fox,21,81,81,2546,505,1102,.458,86,232,.371,419,870,.482,.497,303,417,.727,43,261,304,590,133,45,227,204,1399
Eastern,Atlantic,Toronto Raptors,Pascal Siakam,24,80,79,2548,519,945,.549,79,214,.369,440,731,.602,.591,237,302,.785,124,425,549,248,73,52,154,241,1354
Eastern,Southeast,Orlando Magic,Evan Fournier,26,81,81,2553,468,1069,.438,153,450,.34,315,619,.509,.509,137,170,.806,38,220,258,295,71,12,154,225,1226
Western,Northwest,Utah Jazz,Joe Ingles,31,82,82,2568,359,802,.448,189,483,.391,170,319,.533,.565,87,123,.707,35,295,330,469,98,20,193,180,994
Eastern,Central,Indiana Pacers,Bojan Bogdanović,29,81,81,2573,522,1051,.497,164,386,.425,358,665,.538,.575,246,305,.807,33,300,333,161,69,1,134,138,1454
Western,Northwest,Utah Jazz,Rudy Gobert,26,81,80,2577,476,712,.669,0,0,0,476,712,.669,.669,332,522,.636,309,732,1041,161,66,187,130,231,1284
Western,Northwest,Utah Jazz,Donovan Mitchell,22,77,77,2598,661,1530,.432,188,519,.362,473,1011,.468,.493,319,396,.806,59,257,316,322,106,31,218,208,1829
Eastern,Central,Cleveland Cavaliers,Collin Sexton,20,82,72,2605,519,1206,.43,119,296,.402,400,910,.44,.48,214,255,.839,57,179,236,243,44,6,185,186,1371
Western,Northwest,Oklahoma City Thunder,Jerami Grant,24,80,77,2612,409,823,.497,115,293,.392,294,530,.555,.567,157,221,.71,96,321,417,79,61,100,67,214,1090
Western,Pacific,Sacramento Kings,Buddy Hield,26,82,82,2615,623,1360,.458,278,651,.427,345,709,.487,.56,171,193,.886,106,306,412,205,58,33,146,202,1695
Eastern,Central,Detroit Pistons,Blake Griffin,29,75,75,2622,619,1341,.462,189,522,.362,430,819,.525,.532,414,550,.753,100,465,565,402,52,28,253,199,1841
Western,Northwest,Oklahoma City Thunder,Russell Westbrook,30,73,73,2630,630,1473,.428,119,411,.29,511,1062,.481,.468,296,451,.656,109,698,807,784,142,33,325,245,1675
Eastern,Southeast,Orlando Magic,Aaron Gordon,23,78,78,2633,470,1046,.449,121,347,.349,349,699,.499,.507,185,253,.731,129,445,574,289,57,56,162,172,1246
Eastern,Central,Detroit Pistons,Andre Drummond,25,79,79,2647,561,1052,.533,5,38,.132,556,1014,.548,.536,243,412,.59,423,809,1232,112,136,138,175,272,1370
Western,Pacific,Golden State Warriors,Klay Thompson,28,78,78,2652,655,1402,.467,241,599,.402,414,803,.516,.553,129,158,.816,37,262,299,186,84,47,115,157,1680
Western,Northwest,Oklahoma City Thunder,Steven Adams,25,80,80,2669,481,809,.595,0,2,0,481,807,.596,.595,146,292,.5,391,369,760,124,117,76,135,204,1108
Western,Southwest,San Antonio Spurs,LaMarcus Aldridge,33,81,81,2687,684,1319,.519,10,42,.238,674,1277,.528,.522,349,412,.847,251,493,744,194,43,107,144,179,1727
Western,Southwest,San Antonio Spurs,DeMar DeRozan,29,77,77,2688,631,1313,.481,7,45,.156,624,1268,.492,.483,366,441,.83,54,408,462,475,86,36,199,177,1635
Eastern,Atlantic,Philadelphia 76ers,Ben Simmons,22,79,79,2700,540,960,.563,0,6,0,540,954,.566,.563,257,428,.6,172,525,697,610,112,61,274,209,1337
Western,Pacific,Golden State Warriors,Kevin Durant,30,78,78,2702,721,1383,.521,137,388,.353,584,995,.587,.571,448,506,.885,33,464,497,457,58,84,225,155,2027
Western,Southwest,Houston Rockets,P.J. Tucker,33,82,82,2802,207,523,.396,146,387,.377,61,136,.449,.535,41,59,.695,121,358,479,96,132,39,63,252,601
Western,Northwest,Portland Trail Blazers,Damian Lillard,28,80,80,2838,681,1533,.444,237,643,.369,444,890,.499,.522,468,513,.912,68,303,371,551,88,34,212,148,2067
Western,Northwest,Oklahoma City Thunder,Paul George,28,77,77,2841,707,1614,.438,292,757,.386,415,857,.484,.529,453,540,.839,105,523,628,318,170,34,205,214,2159
Eastern,Southeast,Charlotte Hornets,Kemba Walker,28,82,82,2863,731,1684,.434,260,731,.356,471,953,.494,.511,380,450,.844,52,309,361,484,102,34,211,131,2102
Western,Southwest,Houston Rockets,James Harden,29,78,78,2867,843,1909,.442,378,1028,.368,465,881,.528,.541,754,858,.879,66,452,518,586,158,58,387,244,2818
Eastern,Southeast,Washington Wizards,Bradley Beal,25,82,82,3028,764,1609,.475,209,596,.351,555,1013,.548,.54,362,448,.808,89,322,411,448,121,58,224,226,2099
